Invoice ID,Branch,City,Customer type,Gender,Product line,Unit price,Quantity,Tax 5%,Total,Date,Time,Payment,COGS,Gross margin percentage,Gross income,Rating,Customer Age,Discount,Membership duration,Loyalty points,Feedback,Product
754-24-1409,A,Mandalay,Normal,Female,Health and beauty,68.33,6,31.36,92.04,2021-02-02,18:49,Cash,772.95,4.76,12.0,7.5,,26.3,,96,Good,Lotion
859-45-5012,C,Yangon,Normal,Female,Health and beauty,63.33,10,22.6,138.21,2021-01-04,20:43,Ewallet,280.5,4.76,40.87,9.6,,0.0,,64,good,Lotion
328-27-2679,B,Naypyitaw,Normal,FEMALE,Home and lifestyle,91.94,4,31.61,220.88,2021-01-09,10:07,Cash,290.17,4.76,7.69,9.6,44.0,0.0,4.0,38,good,Chair
792-79-2424,A,Naypyitaw,Member,male,Electronic accessories,15.9,8,5.09,345.54,2021-01-04,10:24,Cash,618.88,4.76,30.63,4.5,40.0,27.52,39.0,24,good,Headphones
704-64-1520,C,Yangon,Member,Female,Sports and travel,37.44,1,23.05,506.62,2021-01-01,15:06,Ewallet,765.58,4.76,13.59,,,0.0,,87,Poor,Travel Pillow
130-21-4582,A,Naypyitaw,Member,FEMALE,Electronic accessories,40.38,10,49.57,957.27,2021-03-02,11:58,Ewallet,291.37,4.76,19.43,6.4,,0.0,,79,Poor,Charger
338-74-1434,A,Naypyitaw,Normal,male,Fashion accessories,11.77,4,,428.31,2021-07-02,11:02,cash,36.34,4.76,39.9,4.9,34.0,0.0,,81,very good,Sunglasses
674-35-9928,B,Yangon,Member,male,Home and lifestyle,39.35,7,3.8,151.11,2021-09-02,10:39,Credit card,75.95,4.76,13.84,,,4.37,15.0,10,Poor,Cushion
529-38-8359,A,Mandalay,Normal,male,Food and beverages,51.48,5,35.29,378.97,2021-01-02,20:02,CASH,159.06,4.76,45.4,4.1,50.0,0.0,,0,Excellent,Biscuits
703-45-1106,B,Naypyitaw,Member,male,Electronic accessories,87.7,8,8.57,673.08,2021-01-09,16:08,Credit card,920.72,4.76,3.58,4.3,,0.0,38.0,52,Excellent,Power Bank
877-30-7924,C,Mandalay,Normal,FEMALE,Sports and travel,61.12,4,19.42,816.57,2021-01-04,20:21,Cash,457.13,4.76,29.79,8.9,,0.0,47.0,46,EXCELLENT,Sneakers
448-45-3547,C,Mandalay,Member,FEMALE,Electronic accessories,91.13,10,42.84,172.3,2021-01-04,19:47,Cash,311.68,4.76,29.71,5.5,30.0,0.0,23.0,57,EXCELLENT,Charger
320-53-2674,A,Naypyitaw,Member,male,Food and beverages,34.0,10,43.83,701.98,2021-02-02,17:48,Ewallet,531.18,4.76,2.42,5.7,52.0,0.0,,30,Good,Coffee
194-58-2584,C,Mandalay,Member,Female,Health and beauty,72.64,2,18.1,,2021-03-02,16:59,cash,731.51,4.76,2.81,8.5,,0.0,21.0,41,Poor,Soap
467-54-5333,B,Mandalay,Normal,Female,Electronic accessories,62.92,2,27.22,686.69,2021-01-04,12:12,Cash,486.7,4.76,3.36,7.2,38.0,0.0,,10,Poor,Charger
926-15-8527,B,Naypyitaw,Member,FEMALE,Health and beauty,98.72,10,6.35,101.79,2021-05-02,18:47,Cash,303.92,4.76,30.18,4.8,,0.03,,61,Excellent,Shampoo
649-25-7201,B,Naypyitaw,Normal,male,Fashion accessories,44.0,9,6.31,754.96,2021-01-09,20:13,Credit card,442.0,4.76,17.67,5.8,,0.0,9.0,39,Good,Scarf
180-80-5803,A,Mandalay,Member,male,Food and beverages,45.13,5,20.45,816.77,2021-05-02,9:18,Cash,444.13,4.76,12.17,,33.0,0.0,54.0,43,Poor,Tea
949-90-6925,A,Mandalay,Normal,FEMALE,Sports and travel,61.53,1,20.67,526.96,2021-06-02,18:12,Credit card,314.75,4.76,1.83,,,0.0,,32,Good,Water Bottle
691-34-2139,A,Mandalay,Member,FEMALE,Electronic accessories,82.75,9,17.78,726.42,2021-02-02,15:24,Ewallet,895.72,4.76,45.39,4.6,57.0,0.0,,48,EXCELLENT,Headphones
146-94-4733,B,Yangon,Normal,FEMALE,Health and beauty,19.01,9,11.42,973.18,2021-01-02,14:13,Ewallet,416.21,4.76,41.8,8.9,,0.0,9.0,73,Excellent,Soap
891-47-2307,B,Yangon,Member,Male,Sports and travel,70.76,1,6.6,219.9,2021-01-09,17:00,Credit card,215.2,4.76,34.5,,31.0,0.0,49.0,27,very good,Tent
975-39-2654,B,Mandalay,Member,Male,Health and beauty,40.24,1,27.71,771.63,2021-01-03,19:11,CASH,849.28,4.76,17.68,,,0.0,6.0,98,EXCELLENT,Shampoo
489-45-8428,B,Naypyitaw,Normal,male,Health and beauty,55.25,6,8.13,126.01,2021-01-07,16:41,Credit card,422.5,4.76,5.66,4.3,20.0,0.0,51.0,88,Excellent,Toothpaste
750-56-3664,A,Yangon,Normal,Male,Health and beauty,78.84,7,28.84,,2021-01-04,19:51,cash,941.36,4.76,5.16,9.5,,0.0,,90,EXCELLENT,Shampoo
479-55-4432,A,Yangon,Member,Female,Electronic accessories,40.56,9,38.94,722.19,2021-06-02,13:49,CASH,266.38,4.76,30.13,8.3,,6.5,,44,Excellent,Charger
786-44-2169,A,Mandalay,Normal,male,Health and beauty,65.33,6,40.62,539.15,2021-04-02,17:06,Credit card,334.18,4.76,33.51,8.3,19.0,0.0,40.0,15,Good,Toothpaste
723-91-3803,A,Yangon,Member,Male,Fashion accessories,42.7,1,48.95,878.59,2021-01-04,11:48,Cash,51.21,4.76,15.23,8.2,,0.0,53.0,3,good,Belt
646-41-3677,B,Mandalay,Member,male,Fashion accessories,49.24,4,11.36,491.53,2021-01-05,13:11,cash,254.72,4.76,15.09,8.8,31.0,0.0,55.0,20,Poor,Handbag
573-58-5422,B,Naypyitaw,Normal,Female,Food and beverages,54.73,7,,874.5,2021-01-03,10:05,Credit card,319.56,4.76,32.88,9.2,,0.0,,94,Excellent,Coffee
755-98-4598,C,Mandalay,Normal,Female,Home and lifestyle,86.26,6,21.72,97.57,2021-07-02,13:01,Cash,232.94,4.76,20.1,6.0,55.0,0.0,,10,Poor,Chair
801-51-1916,C,Naypyitaw,Member,male,Sports and travel,80.84,4,9.63,400.83,2021-01-08,17:43,cash,213.25,4.76,37.07,4.5,,0.0,,38,good,Travel Pillow
334-14-6168,C,Yangon,Member,Male,Fashion accessories,85.63,10,14.42,691.25,2021-08-02,15:40,Cash,571.75,4.76,26.22,,56.0,0.0,,6,good,Sunglasses
510-44-2084,B,Yangon,Member,male,Sports and travel,58.23,4,43.82,72.35,2021-01-04,17:08,cash,385.23,4.76,26.32,,56.0,0.0,,97,Good,Tent
316-82-6155,A,Yangon,Member,Female,Fashion accessories,35.86,7,21.57,328.58,2021-01-01,14:55,Ewallet,280.61,4.76,31.34,8.6,54.0,0.0,7.0,11,good,Scarf
317-93-9179,A,Yangon,Normal,Male,Electronic accessories,14.28,4,44.76,474.43,2021-01-01,9:36,Ewallet,422.49,4.76,47.02,6.5,26.0,0.0,14.0,19,good,Charger
505-92-8517,A,Naypyitaw,Normal,Male,Electronic accessories,99.66,6,3.63,83.83,2021-08-02,19:20,cash,201.55,4.76,42.13,4.9,,0.0,22.0,69,Poor,Mouse
246-43-3287,B,Yangon,Normal,FEMALE,Electronic accessories,46.18,2,22.0,745.31,2021-01-03,11:09,CASH,457.25,4.76,31.14,8.9,53.0,10.2,,31,EXCELLENT,Power Bank
352-81-9830,C,Mandalay,Normal,male,Fashion accessories,30.33,7,15.55,426.4,2021-01-06,18:18,CASH,102.75,4.76,23.43,9.1,,0.0,46.0,24,Poor,Scarf
369-84-8019,A,Naypyitaw,Member,Female,Home and lifestyle,76.86,10,47.16,558.24,2021-01-07,15:08,Cash,842.11,4.76,19.16,6.8,41.0,5.73,,11,Excellent,Cushion
697-61-6930,C,Naypyitaw,Normal,Female,Food and beverages,18.28,6,27.24,187.41,2021-01-05,9:53,Credit card,550.2,4.76,9.36,5.9,57.0,0.0,6.0,73,EXCELLENT,Tea
324-27-9348,C,Yangon,Normal,male,Sports and travel,85.98,4,48.31,898.08,2021-01-05,18:12,CASH,359.45,4.76,45.63,9.2,,0.0,,42,good,Tent
605-21-1771,B,Yangon,Normal,male,Sports and travel,18.53,4,45.72,485.13,2021-03-02,20:54,Credit card,553.76,4.76,19.18,8.6,37.0,0.0,,47,very good,Tent
981-24-3504,B,Naypyitaw,Normal,Female,Electronic accessories,40.32,1,41.33,922.84,2021-01-08,14:22,Cash,379.74,4.76,38.98,9.4,20.0,0.0,,65,Excellent,Mouse
742-30-7916,A,Mandalay,Normal,Female,Electronic accessories,16.05,9,44.8,935.65,2021-01-01,20:24,Ewallet,325.41,4.76,25.02,4.6,31.0,0.0,0.0,81,Poor,Headphones
710-18-7304,B,Mandalay,Member,male,Food and beverages,82.11,2,36.41,590.61,2021-01-01,10:51,Cash,75.58,4.76,32.12,6.2,42.0,0.0,38.0,74,good,Juice
490-86-8668,B,Yangon,Member,male,Fashion accessories,52.77,10,8.09,360.26,2021-08-02,20:47,Cash,371.28,4.76,28.98,7.0,,0.0,33.0,90,very good,Sunglasses
641-42-1188,B,Yangon,Normal,Male,Health and beauty,28.88,2,41.35,628.89,2021-01-02,19:00,Cash,458.68,4.76,37.96,5.6,54.0,0.0,,61,Poor,Toothpaste
796-24-9797,A,Yangon,Normal,FEMALE,Food and beverages,81.61,10,41.44,821.85,2021-01-02,12:45,cash,37.32,4.76,7.19,9.6,,0.0,41.0,72,Poor,Biscuits
868-44-6573,C,Naypyitaw,Normal,Female,Electronic accessories,68.64,1,1.7,537.0,2021-07-02,19:36,Credit card,368.57,4.76,26.4,,54.0,0.0,44.0,74,very good,Headphones
214-47-8123,C,Mandalay,Member,Male,Fashion accessories,37.17,7,46.76,370.88,2021-01-02,18:22,CASH,131.31,4.76,6.45,7.6,,15.49,23.0,1,Excellent,Scarf
261-68-1053,A,Naypyitaw,Member,male,Sports and travel,82.37,2,16.5,336.89,2021-08-02,11:49,Ewallet,516.69,4.76,30.02,8.4,,0.0,8.0,28,very good,Sneakers
839-43-9201,C,Naypyitaw,Member,FEMALE,Food and beverages,48.96,1,34.02,224.73,2021-01-03,20:37,Credit card,455.66,4.76,9.78,,26.0,0.0,,43,very good,Juice
880-32-9317,C,Mandalay,Normal,Female,Health and beauty,58.6,8,36.39,735.51,2021-05-02,16:52,Cash,650.47,4.76,4.5,5.8,,0.0,,97,Good,Lotion
208-90-5889,A,Naypyitaw,Normal,FEMALE,Fashion accessories,28.01,10,47.22,125.32,2021-04-02,9:49,Ewallet,422.44,4.76,37.51,9.1,63.0,13.52,,77,Good,Sunglasses
961-91-9317,C,Yangon,Member,Male,Home and lifestyle,46.21,2,32.08,966.9,2021-01-01,10:14,CASH,245.99,4.76,23.68,5.7,,0.0,29.0,58,EXCELLENT,Table Cover
723-35-3504,B,Naypyitaw,Member,male,Home and lifestyle,66.25,1,29.34,592.35,2021-01-04,16:07,Cash,102.09,4.76,27.4,6.8,,0.0,,12,good,Curtain
482-30-9837,A,Naypyitaw,Normal,Male,Sports and travel,50.79,5,,634.8,2021-07-02,11:17,Cash,318.89,4.76,33.36,,,1.12,,63,good,Tent
897-77-1009,A,Mandalay,Member,FEMALE,Health and beauty,78.71,7,10.2,804.04,2021-01-02,12:27,Credit card,296.78,4.76,33.47,,,23.71,26.0,63,Good,Soap
713-51-9005,B,Naypyitaw,Normal,Male,Food and beverages,26.25,7,38.94,96.39,2021-02-02,14:35,Credit card,512.56,4.76,31.93,6.8,39.0,0.0,,10,Poor,Coffee
119-24-6947,B,Naypyitaw,Normal,Male,Electronic accessories,11.67,10,11.59,254.45,2021-01-08,14:34,Ewallet,811.94,4.76,4.62,,,0.0,,62,very good,Charger
999-49-4923,B,Yangon,Normal,male,Electronic accessories,73.3,10,10.37,311.05,2021-01-06,14:24,Cash,803.26,4.76,7.75,4.7,,0.0,13.0,89,Good,Keyboard
159-40-2290,B,Naypyitaw,Normal,male,Health and beauty,87.64,7,47.8,226.43,2021-06-02,13:48,Ewallet,732.37,4.76,26.91,5.6,,0.0,12.0,3,Excellent,Face Wash
187-72-2133,A,Yangon,Normal,FEMALE,Food and beverages,61.92,7,18.83,93.46,2021-07-02,11:13,cash,592.79,4.76,10.19,7.2,,0.0,,24,very good,Juice
878-78-3060,A,Mandalay,Member,FEMALE,Health and beauty,29.17,10,16.04,222.2,2021-06-02,9:16,Cash,350.79,4.76,30.81,5.4,24.0,0.0,,4,Excellent,Soap
231-94-8787,A,Naypyitaw,Member,Male,Food and beverages,96.59,1,7.11,54.8,2021-08-02,10:56,CASH,289.16,4.76,43.13,4.4,60.0,0.0,7.0,44,good,Biscuits
662-31-5342,B,Mandalay,Member,Female,Home and lifestyle,76.8,6,49.95,792.95,2021-01-06,20:49,CASH,634.86,4.76,45.04,,48.0,0.0,,52,very good,Lamp
640-87-7932,B,Yangon,Normal,Male,Food and beverages,52.06,2,18.23,311.03,2021-03-02,11:01,Credit card,258.17,4.76,23.64,9.9,52.0,0.0,45.0,64,Good,Biscuits
316-79-4295,B,Mandalay,Member,FEMALE,Food and beverages,94.34,10,21.87,800.75,2021-08-02,11:30,Cash,924.58,4.76,46.39,8.7,47.0,0.0,,57,Excellent,Biscuits
830-49-7537,B,Yangon,Member,Male,Electronic accessories,57.94,10,17.46,142.29,2021-01-09,9:27,Cash,723.42,4.76,37.78,5.8,57.0,0.0,,7,good,Power Bank
787-93-7118,B,Yangon,Member,male,Sports and travel,65.3,4,23.48,723.56,2021-01-06,10:23,CASH,834.69,4.76,26.93,,25.0,15.52,,73,good,Water Bottle
548-76-8397,A,Yangon,Member,Male,Fashion accessories,79.22,3,28.08,630.82,2021-01-06,18:10,Credit card,896.73,4.76,45.88,9.1,22.0,0.0,,38,EXCELLENT,Sunglasses
223-41-4681,B,Yangon,Normal,male,Fashion accessories,49.04,5,22.36,628.85,2021-04-02,16:14,CASH,298.79,4.76,13.87,8.0,65.0,0.0,47.0,9,good,Sunglasses
165-53-1344,B,Naypyitaw,Member,Female,Electronic accessories,60.95,8,33.32,449.73,2021-01-02,17:31,Cash,233.69,4.76,17.11,5.0,,0.0,,16,Poor,Mouse
702-80-4770,A,Yangon,Normal,male,Home and lifestyle,66.41,8,32.07,564.39,2021-01-09,13:03,Ewallet,682.31,4.76,5.85,5.6,,11.56,,32,good,Curtain
702-38-1117,C,Yangon,Normal,Female,Health and beauty,57.0,3,46.96,579.77,2021-01-09,11:38,Credit card,752.72,4.76,14.03,8.1,,0.0,,89,very good,Face Wash
172-90-1964,C,Naypyitaw,Member,Female,Electronic accessories,42.78,1,5.86,353.66,2021-01-05,18:03,CASH,758.37,4.76,46.37,4.9,56.0,0.0,,48,Good,Keyboard
334-18-1514,B,Mandalay,Member,Male,Health and beauty,23.3,10,42.02,194.19,2021-06-02,16:46,CASH,310.92,4.76,21.85,7.3,59.0,0.0,27.0,0,Poor,Lotion
980-52-2160,C,Yangon,Normal,FEMALE,Electronic accessories,23.54,6,1.8,524.03,2021-06-02,20:05,Ewallet,141.61,4.76,38.27,10.0,62.0,0.0,,42,Good,Mouse
626-40-5562,C,Mandalay,Member,FEMALE,Fashion accessories,71.68,9,6.08,211.51,2021-07-02,15:27,CASH,553.83,4.76,8.83,6.6,24.0,0.0,,11,Excellent,Handbag
785-72-4510,A,Naypyitaw,Member,Male,Sports and travel,37.02,3,31.57,432.79,2021-06-02,18:01,Credit card,585.2,4.76,49.75,6.7,,0.0,41.0,50,Excellent,Travel Pillow
652-26-8744,B,Yangon,Normal,Female,Sports and travel,49.18,10,32.04,592.75,2021-04-02,15:14,Credit card,255.02,4.76,49.12,8.1,,21.58,18.0,32,very good,Water Bottle
348-70-7669,A,Yangon,Normal,FEMALE,Electronic accessories,38.68,6,40.49,512.21,2021-01-03,11:08,Ewallet,588.86,4.76,6.14,9.7,28.0,9.99,10.0,69,very good,Charger
294-22-2588,A,Mandalay,Member,male,Electronic accessories,84.72,9,42.73,128.94,2021-02-02,13:33,Credit card,797.08,4.76,9.93,8.2,19.0,6.22,48.0,29,Excellent,Keyboard
774-65-6804,B,Naypyitaw,Member,FEMALE,Fashion accessories,15.8,3,39.07,553.11,2021-02-02,19:57,CASH,899.17,4.76,11.66,5.2,64.0,0.0,,97,Poor,Scarf
533-62-8651,A,Yangon,Normal,Female,Health and beauty,28.32,9,6.61,763.31,2021-07-02,10:21,Credit card,267.8,4.76,2.45,9.5,63.0,0.0,10.0,81,Excellent,Soap
984-16-2612,B,Mandalay,Member,Female,Health and beauty,47.12,9,47.58,494.01,2021-01-04,14:16,Ewallet,562.05,4.76,26.88,8.1,28.0,0.0,15.0,80,Poor,Face Wash
162-61-6559,B,Yangon,Normal,male,Fashion accessories,84.13,7,39.89,605.69,2021-01-04,11:52,Cash,292.28,4.76,17.74,4.8,44.0,0.0,0.0,71,Good,Watch
919-23-5073,C,Yangon,Member,Male,Home and lifestyle,68.14,4,45.49,586.65,2021-01-01,19:40,Credit card,558.93,4.76,22.29,6.6,,0.0,28.0,75,Excellent,Cushion
296-34-9786,B,Yangon,Normal,FEMALE,Home and lifestyle,33.08,4,39.45,776.69,2021-01-04,19:00,cash,278.07,4.76,27.28,6.9,24.0,0.0,,41,Poor,Cushion
559-27-7912,B,Naypyitaw,Normal,Male,Electronic accessories,64.11,6,47.04,319.69,2021-05-02,12:44,Cash,407.12,4.76,38.99,,,0.0,7.0,26,EXCELLENT,Mouse
287-45-8579,B,Naypyitaw,Normal,FEMALE,Sports and travel,46.53,8,25.87,990.2,2021-07-02,20:55,Cash,45.8,4.76,29.33,8.2,42.0,0.0,,30,EXCELLENT,Sneakers
355-19-8260,B,Yangon,Normal,male,Home and lifestyle,20.22,8,33.28,560.71,2021-01-02,13:02,Cash,728.34,4.76,30.88,7.1,,0.0,21.0,57,good,Curtain
927-80-2604,B,Yangon,Member,Male,Home and lifestyle,27.27,6,45.23,951.38,2021-07-02,12:03,cash,799.83,4.76,49.31,10.0,,0.0,,49,very good,Cushion
151-93-9856,C,Naypyitaw,Member,FEMALE,Food and beverages,32.1,10,33.99,425.96,2021-05-02,10:01,cash,673.64,4.76,41.88,5.4,,0.0,39.0,71,EXCELLENT,Tea
956-11-2528,C,Mandalay,Normal,FEMALE,Sports and travel,84.45,10,,155.1,2021-01-02,18:23,CASH,187.63,4.76,4.91,,,0.0,6.0,33,Poor,Water Bottle
871-40-3724,A,Yangon,Member,Female,Health and beauty,51.77,6,2.6,871.65,2021-08-02,15:31,CASH,236.57,4.76,47.32,6.2,,0.0,31.0,14,good,Shampoo
516-72-8886,B,Mandalay,Normal,Female,Health and beauty,60.38,8,,985.16,2021-01-02,18:58,Cash,575.86,4.76,17.49,4.0,,0.0,,96,good,Face Wash
318-61-1960,B,Naypyitaw,Member,FEMALE,Fashion accessories,49.25,1,42.2,572.57,2021-01-08,19:28,Cash,490.46,4.76,1.56,8.1,42.0,0.0,,71,very good,Scarf
268-58-1035,C,Naypyitaw,Normal,Female,Health and beauty,68.22,1,37.32,256.86,2021-06-02,14:27,cash,148.04,4.76,41.23,7.6,39.0,0.0,,58,EXCELLENT,Shampoo
499-43-8454,C,Mandalay,Member,FEMALE,Food and beverages,13.33,4,9.35,314.94,2021-01-01,13:39,CASH,695.11,4.76,37.16,5.2,,0.0,20.0,97,very good,Snacks
392-64-8973,A,Naypyitaw,Member,FEMALE,Electronic accessories,24.34,4,22.07,648.76,2021-02-02,10:23,cash,695.66,4.76,31.24,4.5,,0.0,,51,very good,Power Bank
258-34-5861,B,Yangon,Normal,Female,Electronic accessories,22.28,6,20.18,702.5,2021-01-05,16:37,CASH,231.04,4.76,45.93,7.6,,21.01,19.0,58,Excellent,Keyboard
322-17-9883,B,Mandalay,Normal,Female,Health and beauty,33.26,7,20.27,654.4,2021-01-02,19:49,Cash,559.57,4.76,48.34,9.7,,0.0,,59,Poor,Soap
162-50-1936,A,Mandalay,Member,Female,Sports and travel,82.32,3,46.67,555.88,2021-07-02,14:23,Cash,782.17,4.76,36.29,5.9,32.0,0.0,,85,Good,Backpack
151-84-8811,B,Mandalay,Member,Male,Food and beverages,69.28,1,47.03,433.77,2021-01-04,13:27,CASH,621.14,4.76,31.88,8.4,25.0,0.0,,55,good,Snacks
614-77-3579,B,Yangon,Member,male,Health and beauty,25.84,2,36.68,321.97,2021-05-02,11:15,cash,841.75,4.76,9.18,4.3,,0.0,,7,Good,Lotion
158-75-2312,B,Yangon,Member,FEMALE,Health and beauty,86.73,9,16.59,199.12,2021-01-04,13:30,cash,566.03,4.76,6.16,7.6,,0.0,,1,good,Lotion
971-33-2122,C,Naypyitaw,Member,male,Electronic accessories,96.74,5,12.32,430.05,2021-01-01,10:08,cash,889.06,4.76,23.93,8.3,32.0,0.0,20.0,49,very good,Power Bank
709-18-4853,C,Mandalay,Normal,Male,Fashion accessories,53.73,10,7.19,,2021-01-09,13:29,Credit card,121.78,4.76,3.3,5.0,,0.0,20.0,35,Excellent,Watch
513-25-5033,C,Naypyitaw,Member,Male,Sports and travel,11.79,6,29.27,774.79,2021-03-02,15:00,Cash,175.08,4.76,16.47,7.5,20.0,0.0,,28,EXCELLENT,Tent
692-86-1651,B,Mandalay,Normal,FEMALE,Food and beverages,87.36,1,38.35,699.18,2021-01-05,10:02,Ewallet,919.95,4.76,28.45,5.4,38.0,0.0,,39,Excellent,Juice
734-20-7868,C,Naypyitaw,Normal,FEMALE,Food and beverages,17.55,5,42.03,601.15,2021-02-02,17:03,cash,947.89,4.76,21.84,5.6,63.0,23.29,15.0,41,good,Tea
773-84-9565,A,Mandalay,Normal,male,Home and lifestyle,64.14,5,16.8,447.36,2021-08-02,10:51,CASH,729.43,4.76,21.72,6.9,21.0,0.0,24.0,83,EXCELLENT,Table Cover
423-43-4346,B,Yangon,Member,male,Sports and travel,88.05,6,2.26,77.59,2021-01-02,17:07,Credit card,439.9,4.76,11.18,8.5,47.0,0.0,27.0,91,Excellent,Tent
785-50-4910,B,Naypyitaw,Member,Female,Electronic accessories,91.05,4,,629.22,2021-01-06,9:13,Ewallet,86.31,4.76,41.33,8.4,55.0,0.0,,75,Excellent,Power Bank
371-60-3144,B,Naypyitaw,Normal,male,Fashion accessories,46.63,1,8.5,126.48,2021-01-03,9:51,Ewallet,189.47,4.76,19.31,8.2,63.0,0.0,,91,Excellent,Watch
787-92-5915,B,Naypyitaw,Member,male,Fashion accessories,42.71,5,27.64,438.34,2021-01-08,20:50,Ewallet,821.59,4.76,31.77,7.9,22.0,5.36,36.0,58,Excellent,Sunglasses
568-50-2188,B,Naypyitaw,Normal,Male,Home and lifestyle,69.17,1,29.02,,2021-01-01,15:35,CASH,730.75,4.76,33.19,4.6,44.0,0.0,,86,Poor,Lamp
109-68-2638,A,Mandalay,Normal,male,Electronic accessories,18.13,3,,208.14,2021-01-02,12:06,Credit card,470.62,4.76,37.48,,38.0,0.0,34.0,81,very good,Power Bank
175-78-4492,C,Yangon,Member,Female,Health and beauty,94.88,2,49.19,700.14,2021-04-02,16:25,Credit card,307.25,4.76,27.38,6.2,,0.0,5.0,85,good,Shampoo
618-43-3170,A,Naypyitaw,Member,male,Home and lifestyle,75.18,4,39.1,71.58,2021-04-02,13:48,CASH,813.5,4.76,2.01,6.6,,0.0,,29,Excellent,Curtain
457-18-5002,C,Naypyitaw,Member,FEMALE,Electronic accessories,22.65,4,32.97,800.39,2021-01-02,10:31,Credit card,349.93,4.76,36.37,7.0,,0.0,,10,Excellent,Headphones
478-46-3584,C,Yangon,Normal,Female,Health and beauty,20.07,6,10.5,535.77,2021-01-03,11:27,Ewallet,294.1,4.76,48.1,4.3,,0.0,,81,good,Lotion
548-79-5956,A,Mandalay,Member,FEMALE,Electronic accessories,76.1,9,36.59,917.55,2021-08-02,17:02,Cash,682.97,4.76,1.58,7.7,,0.0,,97,Good,Keyboard
726-93-9666,C,Mandalay,Normal,Male,Fashion accessories,93.96,10,19.53,736.91,2021-01-02,17:00,Cash,409.77,4.76,41.97,4.7,38.0,0.0,50.0,60,EXCELLENT,Sunglasses
108-95-5905,C,Naypyitaw,Normal,Female,Sports and travel,56.98,2,3.54,498.56,2021-02-02,17:06,cash,339.74,4.76,16.6,7.3,,0.0,8.0,97,Good,Tent
779-23-3200,A,Naypyitaw,Normal,Female,Electronic accessories,84.61,3,8.04,239.8,2021-01-02,20:42,cash,766.32,4.76,7.2,5.4,53.0,0.0,,30,very good,Charger
370-24-2753,C,Mandalay,Member,male,Sports and travel,95.47,4,,111.57,2021-09-02,14:28,cash,151.36,4.76,20.33,9.6,41.0,11.12,,5,EXCELLENT,Backpack
860-80-3546,B,Yangon,Normal,Female,Electronic accessories,93.84,6,43.48,598.72,2021-01-02,10:09,cash,745.53,4.76,37.56,9.7,28.0,0.0,24.0,29,EXCELLENT,Keyboard
378-46-4450,C,Yangon,Member,Male,Health and beauty,32.66,7,46.43,699.49,2021-06-02,18:01,Ewallet,64.31,4.76,6.96,,,0.0,,28,EXCELLENT,Toothpaste
834-53-4335,A,Naypyitaw,Member,Male,Sports and travel,89.61,4,7.95,279.79,2021-01-07,20:06,Credit card,39.35,4.76,29.21,8.8,50.0,0.0,,22,EXCELLENT,Tent
803-91-5325,B,Yangon,Member,Male,Food and beverages,31.43,10,9.85,488.34,2021-01-03,14:45,Credit card,307.63,4.76,39.58,9.4,53.0,14.01,17.0,33,Excellent,Tea
617-72-5114,B,Naypyitaw,Member,Female,Sports and travel,21.0,9,42.39,813.5,2021-01-03,9:29,Cash,551.35,4.76,4.91,10.0,,0.0,,74,EXCELLENT,Backpack
966-16-2512,C,Naypyitaw,Normal,Female,Health and beauty,82.6,3,11.19,878.48,2021-08-02,10:12,Ewallet,810.4,4.76,13.18,8.8,,16.06,51.0,53,EXCELLENT,Toothpaste
749-64-5533,A,Mandalay,Normal,male,Sports and travel,39.64,1,39.98,282.62,2021-05-02,17:02,Ewallet,380.98,4.76,43.02,,,0.0,,95,Good,Sneakers
145-10-6464,B,Naypyitaw,Member,Male,Electronic accessories,62.59,5,24.84,116.35,2021-03-02,15:28,Credit card,88.96,4.76,7.16,9.3,61.0,0.0,,92,Excellent,Charger
889-26-5291,C,Yangon,Normal,male,Electronic accessories,45.1,9,11.3,697.92,2021-01-02,10:15,Cash,695.65,4.76,29.1,6.4,,25.27,,92,Poor,Mouse
265-66-8007,B,Yangon,Member,Male,Food and beverages,77.35,8,44.6,543.78,2021-01-04,9:29,Cash,235.57,4.76,24.24,4.5,,0.0,30.0,57,very good,Biscuits
674-11-2832,A,Naypyitaw,Member,male,Sports and travel,31.23,2,23.09,416.05,2021-03-02,20:14,cash,80.24,4.76,7.59,4.2,55.0,0.0,6.0,42,good,Water Bottle
177-98-3442,C,Mandalay,Normal,FEMALE,Electronic accessories,48.06,10,15.64,959.7,2021-01-01,14:05,Ewallet,55.19,4.76,43.44,,,0.0,27.0,96,Excellent,Headphones
658-14-7049,B,Naypyitaw,Normal,FEMALE,Sports and travel,22.99,9,33.32,560.47,2021-01-09,9:52,cash,855.46,4.76,18.13,9.3,,25.34,,63,very good,Travel Pillow
696-80-3426,A,Yangon,Normal,Male,Home and lifestyle,25.76,9,42.89,626.63,2021-01-09,13:23,Credit card,834.67,4.76,12.92,,,23.8,32.0,33,Good,Cushion
540-26-1685,B,Naypyitaw,Normal,male,Electronic accessories,97.29,9,17.8,729.03,2021-03-02,17:17,Credit card,128.11,4.76,21.9,10.0,58.0,0.0,49.0,43,EXCELLENT,Charger
415-56-1653,C,Naypyitaw,Member,Female,Sports and travel,49.55,6,49.75,836.37,2021-01-04,16:19,Ewallet,746.48,4.76,29.12,5.2,,28.5,51.0,14,EXCELLENT,Travel Pillow
466-36-5088,A,Yangon,Normal,Female,Fashion accessories,32.89,9,1.25,821.08,2021-08-02,12:51,cash,217.72,4.76,34.81,4.2,,0.0,11.0,99,Excellent,Handbag
782-23-6794,C,Mandalay,Member,Female,Electronic accessories,63.05,8,13.47,738.89,2021-01-08,15:11,Ewallet,824.67,4.76,17.08,4.1,27.0,15.04,,0,very good,Mouse
898-81-7658,B,Yangon,Member,male,Fashion accessories,54.13,10,30.7,429.46,2021-01-03,10:45,Credit card,336.65,4.76,27.22,,,0.0,,38,EXCELLENT,Scarf
735-29-4878,B,Mandalay,Normal,FEMALE,Home and lifestyle,43.72,10,26.38,647.8,2021-01-03,12:01,Cash,392.0,4.76,5.95,5.3,,0.0,35.0,69,very good,Table Cover
985-30-3900,A,Naypyitaw,Normal,Female,Home and lifestyle,95.38,4,11.6,798.05,2021-01-02,9:36,cash,357.74,4.76,25.61,6.8,19.0,0.0,,35,good,Table Cover
522-13-3938,B,Yangon,Member,Male,Electronic accessories,38.48,4,45.03,854.72,2021-04-02,15:11,CASH,680.42,4.76,7.03,5.7,18.0,0.0,28.0,68,EXCELLENT,Keyboard
854-52-7745,C,Yangon,Member,FEMALE,Home and lifestyle,48.14,4,,600.82,2021-04-02,14:34,Credit card,390.28,4.76,14.89,9.1,,5.95,13.0,5,good,Chair
921-95-5065,B,Mandalay,Member,Male,Electronic accessories,71.45,5,5.09,735.89,2021-01-02,17:43,Ewallet,334.31,4.76,3.99,6.6,,0.0,,75,Poor,Charger
373-30-2771,C,Mandalay,Normal,male,Health and beauty,96.7,7,7.2,673.71,2021-06-02,14:28,CASH,340.39,4.76,7.65,8.7,,0.0,36.0,38,Excellent,Soap
491-14-8711,B,Yangon,Normal,Female,Fashion accessories,89.15,6,10.76,280.92,2021-04-02,15:45,Cash,653.34,4.76,11.4,5.4,32.0,0.0,10.0,89,EXCELLENT,Scarf
327-35-8541,C,Naypyitaw,Member,Male,Food and beverages,94.33,2,35.7,301.28,2021-01-07,15:38,Ewallet,463.65,4.76,23.59,7.2,,0.0,38.0,56,good,Juice
458-49-4728,C,Yangon,Normal,male,Health and beauty,42.67,2,23.89,709.03,2021-08-02,13:31,CASH,32.13,4.76,20.62,4.2,,0.0,56.0,92,Poor,Face Wash
328-13-4164,C,Naypyitaw,Normal,Female,Home and lifestyle,74.41,9,22.37,723.63,2021-04-02,9:13,Ewallet,894.73,4.76,45.38,9.6,32.0,21.49,,27,very good,Lamp
508-52-5564,B,Naypyitaw,Normal,male,Electronic accessories,83.92,10,46.2,769.13,2021-02-02,10:35,Ewallet,923.18,4.76,46.7,4.9,63.0,0.0,15.0,14,EXCELLENT,Keyboard
985-18-5573,C,Naypyitaw,Member,Male,Health and beauty,11.9,9,10.7,704.73,2021-01-01,9:21,Ewallet,102.57,4.76,39.96,8.4,60.0,0.0,51.0,69,Excellent,Face Wash
459-92-9346,A,Naypyitaw,Normal,FEMALE,Sports and travel,97.01,7,36.15,477.86,2021-01-09,12:42,Credit card,557.77,4.76,27.02,7.3,56.0,0.0,18.0,11,Poor,Water Bottle
509-96-9785,B,Mandalay,Normal,Male,Sports and travel,64.52,7,6.04,311.53,2021-06-02,12:38,Credit card,230.93,4.76,11.08,7.6,,0.0,13.0,44,good,Water Bottle
439-13-2889,C,Mandalay,Normal,Male,Sports and travel,85.73,8,29.79,183.02,2021-05-02,15:10,Cash,93.28,4.76,38.12,5.3,63.0,28.93,,49,Excellent,Backpack
998-43-3925,C,Yangon,Member,FEMALE,Electronic accessories,69.6,7,11.09,74.64,2021-05-02,16:59,Cash,679.35,4.76,7.85,4.9,20.0,0.0,53.0,2,good,Power Bank
694-43-1626,C,Mandalay,Normal,male,Home and lifestyle,94.68,8,22.24,585.36,2021-08-02,13:53,Cash,538.35,4.76,22.55,5.1,49.0,0.0,25.0,43,EXCELLENT,Curtain
211-86-8119,C,Yangon,Member,male,Electronic accessories,72.16,2,30.22,341.33,2021-01-07,15:56,Cash,204.02,4.76,11.63,5.0,47.0,20.75,2.0,37,very good,Mouse
453-50-8149,A,Yangon,Normal,Male,Home and lifestyle,80.99,2,16.62,589.26,2021-01-08,15:27,CASH,670.1,4.76,18.09,8.9,,0.0,,20,Poor,Chair
720-75-2894,A,Naypyitaw,Member,Male,Food and beverages,31.57,9,19.77,727.42,2021-01-08,11:05,Cash,394.82,4.76,36.31,7.9,30.0,0.0,,61,very good,Snacks
494-83-4114,A,Yangon,Member,male,Electronic accessories,59.75,2,18.29,196.72,2021-05-02,14:37,cash,233.58,4.76,20.65,8.6,40.0,0.0,,6,EXCELLENT,Headphones
360-15-8144,C,Mandalay,Member,FEMALE,Fashion accessories,37.83,4,41.15,172.13,2021-01-05,10:33,Cash,96.68,4.76,13.02,4.4,18.0,23.51,48.0,58,EXCELLENT,Watch
101-76-9821,C,Mandalay,Member,Female,Food and beverages,96.26,2,44.58,866.19,2021-01-06,12:53,Credit card,889.78,4.76,18.31,8.3,,28.04,,76,Good,Coffee
803-95-4228,B,Yangon,Member,FEMALE,Electronic accessories,42.66,9,13.4,266.52,2021-06-02,11:44,Ewallet,536.67,4.76,40.13,7.9,,0.0,35.0,99,very good,Keyboard
472-65-2146,A,Naypyitaw,Member,Male,Food and beverages,83.1,4,30.59,604.07,2021-06-02,16:01,Cash,74.21,4.76,3.96,6.7,,0.0,13.0,74,very good,Juice
780-52-6143,C,Yangon,Member,male,Food and beverages,20.98,5,47.57,61.46,2021-05-02,9:03,CASH,218.33,4.76,1.35,7.9,24.0,0.0,18.0,46,Good,Tea
779-25-5920,C,Yangon,Normal,FEMALE,Electronic accessories,88.03,5,20.52,533.16,2021-03-02,13:25,CASH,849.03,4.76,17.36,5.2,39.0,0.0,42.0,74,EXCELLENT,Keyboard
619-49-7691,A,Mandalay,Member,Male,Health and beauty,87.19,10,40.64,540.98,2021-06-02,15:27,cash,205.25,4.76,16.77,7.7,,0.0,33.0,91,Excellent,Shampoo
434-61-5844,C,Mandalay,Member,Female,Sports and travel,44.96,9,10.11,905.0,2021-01-04,10:19,CASH,404.8,4.76,43.82,6.2,61.0,0.0,27.0,38,Excellent,Sneakers
667-26-4143,C,Naypyitaw,Normal,Female,Food and beverages,91.88,1,11.54,661.66,2021-01-02,14:40,Credit card,888.17,4.76,37.81,4.0,,0.0,37.0,61,very good,Biscuits
530-95-7211,C,Mandalay,Member,FEMALE,Sports and travel,45.37,5,8.11,526.04,2021-01-04,18:01,Ewallet,711.59,4.76,48.58,6.6,,0.0,,52,Good,Tent
793-32-5930,C,Yangon,Member,Male,Electronic accessories,98.02,7,1.47,409.08,2021-01-08,10:50,Cash,60.81,4.76,5.43,6.5,,0.0,,15,good,Charger
515-80-1006,B,Mandalay,Member,Male,Food and beverages,33.0,10,36.12,665.96,2021-08-02,10:03,Ewallet,258.77,4.76,32.01,6.2,51.0,0.0,,13,very good,Snacks
411-46-4443,B,Mandalay,Normal,Female,Sports and travel,18.12,1,28.81,507.95,2021-09-02,16:37,Cash,315.23,4.76,15.3,9.2,,0.0,55.0,13,Good,Tent
540-84-6279,B,Mandalay,Normal,male,Sports and travel,84.04,9,12.4,410.88,2021-01-03,16:42,Cash,299.33,4.76,33.62,7.3,51.0,0.0,,6,Excellent,Tent
576-66-8244,A,Mandalay,Member,male,Home and lifestyle,31.19,3,14.9,111.51,2021-02-02,16:07,cash,273.91,4.76,5.21,9.5,63.0,0.0,5.0,61,good,Chair
791-37-9375,A,Naypyitaw,Member,FEMALE,Health and beauty,28.93,4,11.66,246.11,2021-01-09,13:02,cash,221.28,4.76,17.38,9.1,,5.84,39.0,73,good,Shampoo
584-31-2389,A,Mandalay,Member,FEMALE,Fashion accessories,90.12,4,36.1,628.21,2021-04-02,9:47,cash,129.16,4.76,19.91,4.3,37.0,0.0,,60,EXCELLENT,Watch
390-75-6491,B,Yangon,Member,Female,Sports and travel,92.43,9,40.56,163.61,2021-08-02,19:16,Ewallet,307.16,4.76,19.4,4.5,,0.0,,50,Excellent,Sneakers
195-40-6085,A,Mandalay,Member,Male,Fashion accessories,66.82,9,29.12,523.85,2021-01-09,18:15,Ewallet,640.22,4.76,29.65,9.0,,0.0,,39,good,Handbag
330-35-3414,C,Naypyitaw,Normal,male,Electronic accessories,89.15,8,34.42,656.7,2021-01-02,17:49,CASH,687.07,4.76,28.84,8.9,,0.0,51.0,57,good,Power Bank
125-15-5011,C,Naypyitaw,Member,male,Electronic accessories,79.01,2,40.86,,2021-02-02,17:04,Cash,412.43,4.76,18.5,5.7,37.0,0.0,50.0,46,Poor,Mouse
586-88-2193,C,Naypyitaw,Member,male,Home and lifestyle,46.57,4,3.43,827.95,2021-07-02,20:36,Credit card,712.14,4.76,39.7,9.5,,8.45,6.0,37,very good,Curtain
566-63-4185,C,Yangon,Normal,male,Sports and travel,13.05,7,3.29,903.23,2021-01-02,20:54,Credit card,650.81,4.76,6.67,5.0,,0.0,25.0,86,Good,Sneakers
835-99-7291,C,Yangon,Normal,Female,Food and beverages,87.98,8,6.84,395.38,2021-01-02,20:40,cash,635.39,4.76,19.61,9.7,59.0,0.0,53.0,95,good,Juice
606-61-4997,C,Mandalay,Normal,male,Electronic accessories,84.09,1,30.47,645.08,2021-02-02,20:17,Credit card,748.92,4.76,13.06,5.0,,0.0,26.0,44,Good,Headphones
251-93-1090,C,Yangon,Normal,Male,Food and beverages,94.64,10,12.58,532.05,2021-09-02,18:00,CASH,527.05,4.76,47.87,5.5,43.0,0.0,46.0,53,very good,Coffee
868-23-7965,A,Yangon,Normal,male,Electronic accessories,52.4,5,,963.57,2021-02-02,14:15,CASH,55.78,4.76,31.06,,25.0,0.0,0.0,43,Good,Power Bank
324-32-9486,B,Mandalay,Normal,FEMALE,Food and beverages,47.17,1,,560.84,2021-01-04,19:45,CASH,538.0,4.76,33.34,6.2,58.0,0.0,4.0,59,Poor,Coffee
575-16-5082,B,Yangon,Normal,Male,Health and beauty,85.7,6,29.21,808.02,2021-02-02,10:20,cash,859.48,4.76,42.08,6.0,,5.47,,19,very good,Lotion
968-25-8478,B,Mandalay,Member,male,Sports and travel,74.56,7,,546.8,2021-05-02,11:02,Credit card,903.58,4.76,45.64,4.4,,17.38,,65,Poor,Tent
236-69-9702,B,Mandalay,Normal,Female,Health and beauty,88.91,7,7.42,807.41,2021-01-04,13:39,CASH,318.69,4.76,24.11,8.4,55.0,0.0,24.0,72,Excellent,Toothpaste
672-86-6198,C,Yangon,Member,Female,Health and beauty,83.82,9,2.81,939.52,2021-09-02,18:32,Ewallet,681.22,4.76,9.9,5.7,46.0,0.0,42.0,58,very good,Shampoo
873-66-9270,C,Yangon,Member,male,Sports and travel,84.2,10,26.85,266.92,2021-01-04,9:51,Cash,159.6,4.76,2.38,8.1,,0.0,,19,EXCELLENT,Travel Pillow
536-80-8305,C,Mandalay,Member,FEMALE,Fashion accessories,72.86,1,1.8,218.56,2021-01-09,18:19,Ewallet,821.53,4.76,8.76,,,0.0,13.0,21,Good,Sunglasses
262-70-8373,C,Yangon,Member,Female,Food and beverages,55.57,3,41.66,302.48,2021-01-03,19:53,CASH,380.91,4.76,30.13,7.5,58.0,0.0,,49,good,Biscuits
365-41-5543,A,Mandalay,Member,Male,Health and beauty,41.67,6,15.75,755.95,2021-01-09,18:52,CASH,565.96,4.76,49.84,8.9,58.0,0.0,23.0,87,good,Toothpaste
884-76-8939,B,Yangon,Normal,FEMALE,Sports and travel,64.19,10,17.95,921.59,2021-05-02,16:59,cash,76.11,4.76,32.86,8.7,40.0,0.0,36.0,73,good,Water Bottle
741-40-5499,A,Naypyitaw,Member,Female,Food and beverages,83.21,10,38.96,175.92,2021-01-02,15:50,Credit card,845.23,4.76,21.08,8.5,50.0,0.0,1.0,26,Excellent,Biscuits
550-19-5681,B,Yangon,Normal,FEMALE,Sports and travel,76.4,7,3.31,247.35,2021-01-07,18:33,Ewallet,631.51,4.76,17.81,9.3,34.0,0.0,,37,EXCELLENT,Sneakers
340-44-6502,A,Naypyitaw,Normal,Female,Sports and travel,50.79,7,49.21,773.6,2021-01-08,16:40,cash,624.9,4.76,13.22,5.5,48.0,0.0,41.0,64,Good,Travel Pillow
427-79-2320,B,Yangon,Member,Female,Fashion accessories,12.46,7,32.41,143.36,2021-01-04,12:41,Cash,924.5,4.76,9.68,7.6,,0.0,50.0,43,Excellent,Belt
241-29-4788,B,Mandalay,Normal,FEMALE,Health and beauty,14.69,2,42.31,98.53,2021-04-02,10:12,Ewallet,433.1,4.76,5.03,8.9,45.0,0.0,,34,very good,Toothpaste
492-98-3503,A,Naypyitaw,Normal,male,Sports and travel,67.74,8,6.03,119.4,2021-07-02,16:37,Ewallet,293.16,4.76,40.55,,,0.0,31.0,87,EXCELLENT,Sneakers
823-37-2052,A,Naypyitaw,Normal,male,Sports and travel,66.71,5,41.45,469.8,2021-01-04,16:43,cash,458.55,4.76,13.56,8.4,22.0,9.86,,3,very good,Backpack
524-62-6421,C,Mandalay,Normal,FEMALE,Electronic accessories,81.19,2,49.68,144.88,2021-07-02,10:52,Ewallet,203.26,4.76,41.03,5.4,,0.0,8.0,97,EXCELLENT,Headphones
655-69-7812,A,Naypyitaw,Member,Female,Health and beauty,22.25,3,36.49,618.38,2021-03-02,15:24,Cash,64.54,4.76,34.46,9.8,57.0,0.0,,26,EXCELLENT,Soap
163-36-7883,B,Yangon,Normal,Female,Food and beverages,46.06,10,5.31,59.12,2021-01-02,18:35,Ewallet,221.21,4.76,4.75,5.6,,0.0,50.0,74,EXCELLENT,Biscuits
498-84-1320,B,Mandalay,Member,Female,Health and beauty,66.55,3,40.8,909.74,2021-08-02,20:18,cash,323.05,4.76,44.77,7.5,,0.0,4.0,1,good,Face Wash
977-83-7232,B,Naypyitaw,Member,Female,Fashion accessories,38.23,7,27.34,470.51,2021-06-02,10:26,Credit card,172.75,4.76,31.55,6.0,25.0,12.57,,77,EXCELLENT,Sunglasses
588-10-6763,B,Yangon,Member,Female,Fashion accessories,17.4,4,,609.49,2021-08-02,15:06,Credit card,523.64,4.76,35.13,5.9,55.0,0.0,57.0,64,Poor,Watch
405-59-7865,A,Naypyitaw,Normal,male,Sports and travel,24.2,9,3.57,767.77,2021-04-02,11:13,CASH,758.07,4.76,47.99,7.6,41.0,0.0,51.0,33,Excellent,Sneakers
651-79-4613,C,Mandalay,Normal,Female,Electronic accessories,56.47,1,3.11,289.16,2021-02-02,16:18,Ewallet,367.28,4.76,16.84,4.3,,0.0,7.0,87,good,Keyboard
599-38-5471,B,Yangon,Member,FEMALE,Electronic accessories,97.27,1,,307.21,2021-01-03,9:31,Cash,73.18,4.76,44.69,9.8,,0.0,,48,Poor,Charger
546-72-1475,B,Yangon,Normal,Female,Home and lifestyle,84.76,7,13.92,362.21,2021-06-02,16:36,Credit card,179.03,4.76,17.4,4.5,60.0,0.0,,67,Poor,Chair
498-53-7624,B,Yangon,Normal,Female,Home and lifestyle,78.68,2,39.79,319.57,2021-01-07,13:15,cash,544.36,4.76,43.74,7.5,,0.0,,44,Poor,Lamp
841-31-8657,A,Mandalay,Member,male,Electronic accessories,86.23,7,35.23,300.99,2021-04-02,12:53,cash,898.77,4.76,32.11,4.4,50.0,27.29,34.0,94,EXCELLENT,Mouse
230-89-9751,B,Yangon,Member,Male,Fashion accessories,71.72,2,29.59,374.09,2021-01-08,11:48,Cash,418.35,4.76,15.68,,,0.0,55.0,53,EXCELLENT,Scarf
127-60-1444,C,Yangon,Member,Male,Health and beauty,81.34,4,16.65,527.91,2021-01-02,14:27,CASH,341.27,4.76,41.58,8.6,,27.56,,1,Good,Lotion
185-92-8022,C,Mandalay,Member,Female,Health and beauty,38.75,4,29.62,155.9,2021-06-02,11:13,Ewallet,442.58,4.76,3.1,4.6,,0.0,48.0,55,very good,Toothpaste
238-69-3977,B,Naypyitaw,Member,male,Sports and travel,53.05,8,44.88,223.07,2021-01-02,20:44,Cash,339.83,4.76,19.29,6.7,39.0,0.0,55.0,48,very good,Sneakers
151-43-7211,B,Naypyitaw,Normal,Female,Fashion accessories,76.17,10,33.74,,2021-08-02,17:42,cash,832.37,4.76,7.1,8.8,63.0,0.0,,92,Excellent,Watch
435-37-8449,A,Naypyitaw,Member,Male,Home and lifestyle,33.46,10,12.79,534.07,2021-07-02,18:38,Cash,878.5,4.76,10.26,5.1,,0.0,40.0,75,Poor,Chair
434-53-7211,B,Naypyitaw,Normal,male,Electronic accessories,71.87,8,25.02,219.86,2021-04-02,13:37,Cash,176.72,4.76,28.45,8.2,,0.0,,93,very good,Charger
384-63-5133,A,Naypyitaw,Member,FEMALE,Fashion accessories,84.41,1,38.86,689.33,2021-05-02,18:58,Credit card,214.96,4.76,1.06,,29.0,18.0,33.0,76,very good,Watch
954-20-8705,C,Mandalay,Normal,FEMALE,Sports and travel,81.96,8,5.5,868.93,2021-01-03,10:39,Ewallet,508.69,4.76,25.03,8.3,23.0,0.0,,23,Poor,Backpack
119-79-1853,A,Naypyitaw,Member,male,Food and beverages,27.88,7,35.86,702.61,2021-01-09,16:51,Ewallet,171.05,4.76,11.49,6.5,65.0,0.0,48.0,83,EXCELLENT,Biscuits
458-38-2124,A,Mandalay,Normal,FEMALE,Fashion accessories,47.3,4,41.94,233.92,2021-07-02,9:04,CASH,759.75,4.76,13.94,6.8,22.0,0.0,,91,Excellent,Belt
899-93-1659,B,Mandalay,Member,male,Food and beverages,26.37,10,32.71,270.21,2021-01-01,20:52,Cash,38.57,4.76,24.84,9.1,58.0,0.0,42.0,52,very good,Coffee
872-13-5051,C,Yangon,Member,Female,Health and beauty,88.88,8,35.05,340.11,2021-01-03,13:10,Ewallet,44.94,4.76,11.22,6.4,,0.0,12.0,8,very good,Face Wash
304-12-3496,A,Yangon,Member,Female,Sports and travel,95.03,1,25.24,498.28,2021-02-02,15:54,Ewallet,333.77,4.76,7.58,9.4,55.0,0.0,32.0,27,EXCELLENT,Water Bottle
344-26-8758,C,Yangon,Member,Male,Sports and travel,89.59,5,33.85,931.17,2021-03-02,19:08,cash,557.73,4.76,43.0,4.2,,15.16,,66,EXCELLENT,Sneakers
785-24-4571,A,Mandalay,Normal,Female,Electronic accessories,30.2,8,19.87,688.29,2021-07-02,9:13,Ewallet,129.18,4.76,43.75,4.7,,0.0,,16,good,Power Bank
576-99-5198,C,Naypyitaw,Member,Female,Fashion accessories,95.33,5,17.68,232.31,2021-04-02,16:03,Cash,218.06,4.76,13.9,5.4,37.0,0.0,,52,very good,Belt
885-57-3749,A,Naypyitaw,Member,Male,Sports and travel,93.08,3,38.32,213.19,2021-01-05,17:29,CASH,39.16,4.76,13.7,,42.0,20.36,,100,very good,Water Bottle
720-87-2876,C,Mandalay,Member,male,Electronic accessories,68.24,3,16.35,679.46,2021-01-04,17:54,Ewallet,50.21,4.76,14.26,8.0,63.0,0.0,28.0,70,Poor,Headphones
896-30-6096,A,Yangon,Member,Female,Home and lifestyle,66.4,7,35.72,540.64,2021-05-02,11:06,Cash,211.49,4.76,6.69,9.4,,0.0,38.0,60,Excellent,Chair
210-84-1420,C,Yangon,Normal,Female,Fashion accessories,91.62,3,42.54,615.47,2021-01-07,10:26,Credit card,405.63,4.76,37.99,4.8,,2.75,,4,EXCELLENT,Sunglasses
419-83-7149,A,Mandalay,Member,Female,Sports and travel,97.67,2,7.37,740.14,2021-01-01,9:53,CASH,435.7,4.76,12.27,,40.0,14.85,0.0,79,Poor,Tent
506-35-2245,B,Yangon,Normal,Male,Fashion accessories,27.84,1,19.89,299.71,2021-02-02,11:42,Cash,705.34,4.76,16.53,4.6,52.0,0.0,41.0,98,very good,Scarf
706-98-4978,C,Mandalay,Member,male,Fashion accessories,73.11,3,31.4,842.72,2021-01-03,19:42,CASH,143.03,4.76,11.36,5.4,,0.0,9.0,56,Excellent,Belt
204-99-5941,B,Yangon,Normal,Male,Health and beauty,25.19,9,20.61,340.92,2021-09-02,9:40,CASH,858.83,4.76,2.06,4.1,58.0,0.0,29.0,56,Excellent,Toothpaste
970-97-2983,B,Mandalay,Member,FEMALE,Fashion accessories,46.09,2,21.73,837.77,2021-01-03,19:40,cash,750.65,4.76,21.18,,,0.0,33.0,58,very good,Belt
915-82-1672,A,Naypyitaw,Member,Female,Health and beauty,48.6,4,47.62,342.62,2021-01-02,13:06,Cash,365.98,4.76,40.07,8.6,,0.0,48.0,56,Poor,Lotion
455-78-8018,B,Naypyitaw,Normal,FEMALE,Sports and travel,33.41,7,6.0,774.56,2021-01-03,17:51,Credit card,780.52,4.76,21.5,7.8,,0.0,,76,Poor,Backpack
777-57-2129,C,Naypyitaw,Normal,male,Fashion accessories,18.02,9,6.25,,2021-01-09,10:15,CASH,432.54,4.76,20.7,8.0,,0.0,24.0,47,very good,Sunglasses
618-92-6590,A,Mandalay,Normal,Female,Home and lifestyle,43.11,6,1.81,102.54,2021-01-07,14:43,Cash,422.72,4.76,35.06,,,0.0,,59,Excellent,Table Cover
112-63-9031,A,Yangon,Member,FEMALE,Food and beverages,95.25,2,14.07,663.5,2021-01-01,20:48,cash,743.83,4.76,43.17,6.9,,27.05,,5,Poor,Snacks
208-65-6934,C,Yangon,Member,FEMALE,Health and beauty,20.56,6,27.01,484.05,2021-04-02,18:36,Cash,590.9,4.76,33.3,7.8,,14.94,47.0,96,good,Lotion
750-68-3506,C,Yangon,Member,FEMALE,Home and lifestyle,74.67,3,6.8,827.61,2021-01-05,17:38,Cash,349.58,4.76,30.73,7.6,59.0,0.0,13.0,83,EXCELLENT,Lamp
545-32-9548,B,Yangon,Normal,Female,Sports and travel,49.16,9,18.37,678.95,2021-01-08,17:56,CASH,778.72,4.76,48.29,8.2,,0.0,19.0,26,Poor,Backpack
766-44-9817,B,Yangon,Member,Female,Home and lifestyle,92.8,1,20.45,840.92,2021-01-04,18:28,cash,259.19,4.76,46.07,4.8,37.0,20.68,13.0,72,very good,Cushion
893-71-8616,A,Naypyitaw,Member,Female,Fashion accessories,50.83,8,17.35,,2021-01-02,11:57,Ewallet,718.52,4.76,28.91,7.0,60.0,0.0,25.0,72,Good,Watch
546-85-5397,C,Mandalay,Normal,Female,Food and beverages,70.62,7,19.12,413.29,2021-05-02,10:05,CASH,189.68,4.76,9.48,8.9,,0.0,,52,Poor,Snacks
430-41-2419,C,Yangon,Normal,Male,Food and beverages,20.67,7,,752.07,2021-08-02,16:01,Credit card,620.41,4.76,27.29,8.1,63.0,0.0,,18,Good,Coffee
385-67-4995,A,Mandalay,Normal,FEMALE,Food and beverages,74.22,5,46.47,636.68,2021-09-02,20:53,Credit card,223.76,4.76,43.05,7.2,,0.0,,48,Excellent,Coffee
868-69-7209,B,Yangon,Normal,Male,Electronic accessories,27.15,3,10.28,310.26,2021-08-02,17:32,CASH,101.98,4.76,46.99,5.1,62.0,0.0,,28,EXCELLENT,Power Bank
444-13-9098,C,Mandalay,Normal,male,Fashion accessories,87.57,8,14.52,202.4,2021-05-02,19:37,CASH,861.23,4.76,25.95,4.0,46.0,0.0,,63,Excellent,Watch
971-51-3979,B,Mandalay,Member,FEMALE,Health and beauty,80.39,2,26.41,944.42,2021-09-02,13:59,Cash,867.42,4.76,38.5,6.9,,0.0,23.0,59,good,Face Wash
599-37-6813,B,Mandalay,Normal,Female,Food and beverages,35.92,4,3.44,954.44,2021-01-03,19:32,CASH,705.94,4.76,43.69,,,0.0,43.0,75,good,Snacks
916-43-6576,A,Mandalay,Normal,Female,Home and lifestyle,54.48,8,6.44,792.17,2021-06-02,9:52,Credit card,541.64,4.76,37.97,6.3,52.0,0.0,5.0,23,very good,Table Cover
386-86-5526,C,Naypyitaw,Normal,Female,Fashion accessories,21.72,5,44.86,961.75,2021-07-02,10:34,CASH,267.65,4.76,18.18,9.8,,0.0,,95,Good,Handbag
669-11-9464,A,Mandalay,Member,Male,Health and beauty,87.07,3,12.7,287.35,2021-05-02,15:57,cash,478.63,4.76,42.93,8.5,,0.0,,97,EXCELLENT,Toothpaste
295-20-4954,A,Yangon,Member,Female,Food and beverages,64.01,10,14.5,606.81,2021-06-02,13:19,cash,246.19,4.76,12.62,9.9,27.0,0.0,,56,Good,Juice
837-62-9004,B,Naypyitaw,Normal,FEMALE,Fashion accessories,99.57,5,35.28,103.31,2021-01-04,17:08,Ewallet,229.44,4.76,41.74,4.6,58.0,0.0,56.0,8,Excellent,Belt
668-40-8800,C,Naypyitaw,Member,FEMALE,Home and lifestyle,35.47,7,20.25,561.0,2021-03-02,11:48,Cash,689.4,4.76,17.1,9.7,,0.0,19.0,85,good,Curtain
761-72-8342,A,Mandalay,Member,male,Health and beauty,70.95,1,41.38,320.02,2021-05-02,10:28,cash,904.7,4.76,37.68,6.8,54.0,12.02,55.0,100,Excellent,Toothpaste
911-12-2524,C,Yangon,Normal,FEMALE,Health and beauty,47.65,3,25.26,886.81,2021-01-04,14:33,CASH,151.27,4.76,23.23,5.7,,0.0,29.0,10,Good,Shampoo
401-38-7625,A,Mandalay,Normal,Female,Sports and travel,46.77,3,10.98,978.32,2021-08-02,17:47,CASH,146.89,4.76,42.45,4.3,,0.0,56.0,7,Poor,Backpack
808-41-6016,C,Mandalay,Normal,FEMALE,Home and lifestyle,23.13,1,35.59,833.1,2021-07-02,12:36,Cash,302.32,4.76,7.04,7.8,44.0,20.88,11.0,56,EXCELLENT,Curtain
779-84-7046,A,Mandalay,Member,FEMALE,Sports and travel,36.12,9,1.15,610.32,2021-01-08,16:32,Cash,92.65,4.76,14.03,6.2,46.0,0.0,,97,Poor,Tent
584-80-9698,B,Yangon,Normal,Male,Food and beverages,33.56,1,45.48,583.74,2021-03-02,14:28,Credit card,924.43,4.76,10.63,5.2,25.0,0.0,,30,very good,Coffee
452-64-6419,B,Mandalay,Normal,FEMALE,Health and beauty,65.59,9,37.22,361.45,2021-01-01,9:34,Ewallet,565.01,4.76,32.45,5.0,44.0,25.35,60.0,45,Poor,Soap
460-99-8434,A,Yangon,Normal,male,Home and lifestyle,91.66,2,34.71,677.66,2021-05-02,11:03,cash,712.09,4.76,21.82,8.2,,11.44,28.0,15,Good,Curtain
377-49-5118,B,Mandalay,Normal,FEMALE,Home and lifestyle,43.27,5,34.39,826.44,2021-06-02,9:16,CASH,949.45,4.76,28.09,6.9,,0.0,,16,Good,Curtain
336-25-4155,A,Mandalay,Normal,Male,Electronic accessories,71.58,10,17.28,183.44,2021-01-07,17:02,CASH,738.93,4.76,28.44,5.0,38.0,6.02,32.0,70,very good,Charger
423-25-9779,B,Mandalay,Normal,Male,Fashion accessories,51.23,7,48.15,877.19,2021-06-02,15:30,Ewallet,113.6,4.76,6.87,5.6,33.0,0.0,52.0,76,good,Handbag
880-98-4033,C,Mandalay,Normal,FEMALE,Food and beverages,10.93,4,21.97,752.11,2021-01-01,14:30,Cash,690.28,4.76,6.18,8.0,,1.71,16.0,53,very good,Coffee
296-37-8933,B,Yangon,Member,FEMALE,Fashion accessories,21.99,4,,393.17,2021-01-06,19:05,CASH,911.0,4.76,19.8,6.2,,0.0,49.0,22,very good,Sunglasses
383-85-9595,C,Mandalay,Member,Male,Health and beauty,39.09,1,44.18,759.91,2021-01-05,11:53,cash,638.96,4.76,41.77,9.2,,0.0,39.0,23,Good,Face Wash
711-46-2647,C,Naypyitaw,Member,Female,Food and beverages,72.37,1,38.25,355.2,2021-01-01,12:24,CASH,151.81,4.76,14.28,5.9,,17.66,43.0,84,Excellent,Juice
952-34-5853,B,Yangon,Normal,FEMALE,Fashion accessories,71.82,4,,394.09,2021-01-09,18:05,Ewallet,77.95,4.76,36.32,8.7,,0.0,,4,good,Watch
332-56-3939,C,Yangon,Member,Male,Electronic accessories,74.2,2,24.22,972.87,2021-01-01,13:38,CASH,373.44,4.76,41.62,7.3,64.0,0.0,60.0,52,Good,Charger
409-11-9751,B,Naypyitaw,Member,FEMALE,Electronic accessories,73.76,2,,623.44,2021-01-09,15:05,CASH,434.2,4.76,10.95,9.2,,0.0,53.0,69,Excellent,Mouse
229-45-1745,C,Naypyitaw,Normal,Male,Home and lifestyle,76.25,3,24.16,183.26,2021-07-02,19:42,cash,838.38,4.76,47.41,,44.0,0.0,8.0,83,very good,Curtain
155-80-5786,B,Yangon,Member,Female,Electronic accessories,33.06,1,,455.96,2021-06-02,10:59,Ewallet,410.5,4.76,29.94,5.1,,25.61,,21,very good,Mouse
814-26-9042,C,Yangon,Member,male,Food and beverages,18.58,2,,808.19,2021-01-05,11:32,CASH,794.82,4.76,38.24,8.0,24.0,0.0,28.0,36,good,Juice
205-11-5658,A,Naypyitaw,Member,FEMALE,Health and beauty,15.29,6,15.24,107.27,2021-02-02,16:43,Credit card,637.71,4.76,45.16,5.0,,0.0,50.0,25,EXCELLENT,Soap
580-71-8216,B,Mandalay,Member,FEMALE,Fashion accessories,39.96,4,25.65,404.8,2021-01-08,18:17,Credit card,532.75,4.76,25.86,5.8,,0.0,,20,very good,Handbag
448-33-1841,B,Naypyitaw,Normal,male,Sports and travel,31.14,9,38.99,995.87,2021-01-09,11:38,Credit card,701.28,4.76,11.07,6.5,58.0,6.92,,29,Excellent,Sneakers
358-71-2869,B,Mandalay,Member,male,Fashion accessories,91.74,7,40.39,879.43,2021-07-02,19:27,Cash,911.77,4.76,24.02,5.5,35.0,0.0,30.0,24,EXCELLENT,Scarf
941-18-7565,C,Naypyitaw,Member,FEMALE,Food and beverages,99.71,4,25.04,561.87,2021-01-08,17:57,Cash,795.16,4.76,32.94,4.1,25.0,0.0,29.0,87,Good,Coffee
603-19-1878,A,Yangon,Normal,Female,Fashion accessories,94.54,6,27.74,367.06,2021-01-03,17:09,CASH,468.18,4.76,18.6,5.0,,0.0,35.0,99,very good,Belt
255-29-5978,C,Naypyitaw,Normal,FEMALE,Electronic accessories,97.05,7,13.42,121.77,2021-05-02,16:46,Ewallet,615.18,4.76,26.09,9.5,,18.0,,30,Excellent,Power Bank
187-41-2940,C,Yangon,Member,male,Fashion accessories,63.84,1,41.56,580.38,2021-01-04,15:37,Ewallet,485.58,4.76,36.88,,,0.0,,6,Poor,Sunglasses
671-63-4697,B,Mandalay,Normal,Male,Electronic accessories,77.34,8,17.35,200.31,2021-01-05,19:59,cash,788.85,4.76,11.51,5.1,,0.0,1.0,100,Poor,Power Bank
894-76-7232,C,Naypyitaw,Normal,Female,Home and lifestyle,14.1,5,33.53,858.91,2021-01-04,16:42,Ewallet,410.81,4.76,14.91,,47.0,0.0,26.0,18,EXCELLENT,Cushion
561-66-5871,C,Mandalay,Member,FEMALE,Home and lifestyle,32.83,6,42.34,495.02,2021-03-02,19:03,Cash,602.51,4.76,24.27,,43.0,0.0,,27,very good,Table Cover
980-85-8025,A,Naypyitaw,Normal,FEMALE,Home and lifestyle,65.77,4,14.23,231.34,2021-01-09,13:02,Cash,795.81,4.76,1.68,6.5,45.0,21.19,19.0,78,good,Cushion
412-82-1986,C,Naypyitaw,Member,Male,Food and beverages,37.23,10,32.35,699.76,2021-01-01,18:22,Ewallet,890.86,4.76,13.3,8.2,26.0,0.0,,75,Good,Tea
724-22-4404,A,Mandalay,Normal,Male,Fashion accessories,45.52,2,21.11,492.43,2021-05-02,12:45,CASH,198.25,4.76,12.39,,,0.0,,29,Excellent,Belt
740-37-5335,B,Naypyitaw,Member,Female,Sports and travel,43.38,10,49.71,994.63,2021-04-02,10:16,Ewallet,272.61,4.76,1.41,4.0,53.0,0.0,4.0,32,Excellent,Sneakers
776-20-3573,A,Yangon,Normal,Female,Home and lifestyle,97.13,2,2.51,363.91,2021-01-03,10:50,CASH,385.41,4.76,1.61,9.4,33.0,0.0,48.0,35,Good,Cushion
345-32-2229,A,Mandalay,Normal,FEMALE,Health and beauty,60.36,7,35.09,596.46,2021-08-02,18:27,Credit card,618.63,4.76,45.74,4.3,26.0,0.0,,48,Poor,Soap
260-10-7693,B,Mandalay,Member,FEMALE,Health and beauty,62.24,3,11.11,792.06,2021-08-02,10:22,CASH,239.2,4.76,47.16,6.6,,0.0,,2,good,Soap
561-98-8699,A,Yangon,Member,male,Home and lifestyle,33.43,6,46.11,951.08,2021-09-02,15:02,Ewallet,832.61,4.76,18.11,6.9,54.0,0.0,,100,Excellent,Table Cover
398-14-4792,A,Mandalay,Member,FEMALE,Home and lifestyle,55.34,8,6.29,431.39,2021-01-06,16:57,Ewallet,435.45,4.76,26.12,4.2,65.0,0.0,,51,Good,Chair
395-46-8438,B,Naypyitaw,Member,Male,Sports and travel,93.73,1,31.72,642.51,2021-01-09,17:41,Ewallet,755.53,4.76,32.21,7.7,57.0,4.21,,90,Poor,Travel Pillow
172-97-4824,C,Yangon,Normal,Female,Sports and travel,89.01,10,45.71,58.11,2021-01-02,12:11,Ewallet,461.63,4.76,21.54,,,0.0,36.0,3,Poor,Tent
370-90-4241,A,Naypyitaw,Member,FEMALE,Food and beverages,21.87,9,43.93,192.97,2021-05-02,16:18,Cash,166.47,4.76,2.14,7.4,,0.0,,48,Poor,Snacks
535-24-9922,C,Naypyitaw,Member,Female,Food and beverages,38.56,4,45.61,605.16,2021-05-02,19:57,Credit card,495.33,4.76,27.7,8.6,49.0,0.0,50.0,72,Poor,Coffee
330-92-3441,B,Naypyitaw,Member,FEMALE,Health and beauty,57.74,1,17.23,555.75,2021-01-02,20:35,Cash,886.64,4.76,20.4,5.1,42.0,0.0,23.0,33,Excellent,Toothpaste
372-28-2169,B,Naypyitaw,Normal,Male,Sports and travel,22.76,10,47.32,240.31,2021-01-05,17:14,Credit card,195.49,4.76,18.09,9.0,23.0,22.83,,90,good,Sneakers
161-31-6039,C,Naypyitaw,Normal,male,Fashion accessories,20.52,2,10.34,929.09,2021-01-09,14:46,Credit card,321.33,4.76,39.59,,,0.0,15.0,29,Excellent,Watch
709-82-5728,A,Naypyitaw,Member,male,Food and beverages,13.97,7,35.39,729.16,2021-01-04,15:22,cash,66.89,4.76,48.52,5.3,,0.0,46.0,87,Poor,Snacks
549-25-8679,C,Yangon,Member,Female,Fashion accessories,21.51,10,7.03,229.41,2021-09-02,10:49,Credit card,909.32,4.76,46.27,8.2,53.0,0.0,,0,Poor,Handbag
805-48-7594,B,Yangon,Normal,Male,Food and beverages,88.45,3,28.77,343.06,2021-07-02,16:37,Ewallet,749.39,4.76,4.32,4.1,,0.0,33.0,51,EXCELLENT,Snacks
378-74-9847,B,Mandalay,Member,Male,Home and lifestyle,85.13,5,18.0,556.75,2021-01-06,19:42,Ewallet,345.78,4.76,42.52,6.8,65.0,0.0,41.0,78,Excellent,Lamp
605-66-2317,A,Yangon,Member,Male,Sports and travel,77.3,7,1.41,87.48,2021-03-02,19:25,CASH,392.67,4.76,43.26,5.9,,0.0,,44,EXCELLENT,Backpack
712-15-8078,B,Yangon,Normal,FEMALE,Food and beverages,93.36,1,8.21,381.09,2021-01-02,11:18,Cash,521.07,4.76,12.4,4.7,,0.0,,83,good,Coffee
852-51-5102,C,Yangon,Normal,male,Home and lifestyle,35.46,10,26.64,877.03,2021-07-02,19:02,Cash,685.6,4.76,5.16,6.5,35.0,0.0,,16,good,Chair
126-21-4750,C,Yangon,Member,Male,Fashion accessories,88.92,8,28.35,675.26,2021-07-02,18:59,cash,871.67,4.76,2.71,6.8,61.0,0.0,,24,Excellent,Watch
790-83-1339,C,Yangon,Member,FEMALE,Fashion accessories,65.16,6,24.85,205.12,2021-06-02,15:44,Credit card,696.73,4.76,32.97,4.8,53.0,29.94,60.0,43,good,Belt
883-96-5415,C,Yangon,Member,Female,Health and beauty,78.54,6,15.44,271.33,2021-01-02,19:18,CASH,165.64,4.76,23.06,8.3,,0.0,,56,EXCELLENT,Soap
690-15-3870,A,Mandalay,Normal,FEMALE,Electronic accessories,33.74,1,11.65,783.73,2021-08-02,18:24,CASH,257.61,4.76,7.56,6.1,,0.0,,68,EXCELLENT,Mouse
581-76-8245,C,Yangon,Normal,FEMALE,Sports and travel,38.17,7,7.05,,2021-07-02,15:34,Ewallet,259.18,4.76,14.16,,,0.0,,50,EXCELLENT,Travel Pillow
384-33-8141,A,Naypyitaw,Normal,Male,Health and beauty,90.34,5,1.25,947.17,2021-01-04,12:46,Cash,202.62,4.76,14.7,6.8,37.0,0.0,16.0,41,Good,Soap
750-72-2494,B,Mandalay,Normal,Female,Health and beauty,38.4,4,41.87,950.61,2021-01-03,13:59,Ewallet,557.53,4.76,1.96,6.5,,0.0,,99,EXCELLENT,Shampoo
581-54-7690,B,Yangon,Member,male,Sports and travel,99.51,6,,,2021-01-06,18:27,Cash,895.25,4.76,35.66,6.6,22.0,0.0,,17,very good,Backpack
441-51-2713,A,Naypyitaw,Member,Female,Electronic accessories,78.73,4,44.06,861.48,2021-01-02,9:17,Ewallet,760.87,4.76,25.24,5.3,41.0,12.98,,76,very good,Power Bank
978-30-6403,A,Yangon,Normal,Female,Home and lifestyle,23.61,4,25.6,96.75,2021-03-02,16:32,Cash,121.75,4.76,29.99,9.9,,18.14,52.0,39,good,Lamp
521-98-9117,B,Naypyitaw,Member,Female,Health and beauty,86.77,4,28.48,238.71,2021-01-08,13:09,Ewallet,107.77,4.76,35.5,8.7,41.0,0.0,37.0,11,very good,Lotion
395-94-7561,B,Mandalay,Normal,Female,Health and beauty,69.17,7,35.95,610.71,2021-01-02,10:28,Cash,930.98,4.76,5.89,7.9,,0.0,52.0,17,Good,Lotion
933-80-1601,C,Mandalay,Normal,Male,Electronic accessories,81.84,3,36.92,970.78,2021-01-03,9:09,Credit card,139.69,4.76,11.54,5.6,27.0,0.0,,64,EXCELLENT,Power Bank
565-21-6153,A,Naypyitaw,Member,FEMALE,Home and lifestyle,14.79,1,45.99,599.39,2021-06-02,17:21,Ewallet,451.26,4.76,14.27,9.8,,0.0,38.0,43,EXCELLENT,Cushion
358-51-2899,B,Yangon,Normal,male,Health and beauty,23.38,8,2.57,204.74,2021-01-02,10:24,Ewallet,502.43,4.76,49.89,9.6,34.0,22.41,53.0,31,very good,Shampoo
891-61-9431,A,Yangon,Normal,male,Fashion accessories,30.69,4,13.19,943.66,2021-01-05,11:10,Ewallet,246.85,4.76,12.77,6.3,51.0,0.0,,61,Good,Handbag
944-10-9889,B,Mandalay,Normal,FEMALE,Electronic accessories,13.23,3,19.93,390.47,2021-01-01,14:37,Ewallet,348.92,4.76,27.99,8.9,55.0,0.0,,91,Poor,Headphones
573-62-1888,A,Naypyitaw,Member,male,Sports and travel,33.42,3,45.3,444.37,2021-01-01,12:52,cash,663.29,4.76,4.69,8.5,,0.0,43.0,6,very good,Tent
292-76-6927,A,Mandalay,Normal,Female,Electronic accessories,73.54,10,46.09,136.25,2021-01-07,19:26,cash,412.65,4.76,31.45,6.8,,22.0,,4,Excellent,Keyboard
737-73-8242,B,Naypyitaw,Normal,Male,Electronic accessories,49.28,4,9.49,504.08,2021-01-05,13:34,Credit card,874.76,4.76,36.01,6.3,,0.0,47.0,100,very good,Mouse
878-16-4335,C,Mandalay,Member,Female,Food and beverages,99.57,2,43.92,947.65,2021-01-05,17:08,Ewallet,595.06,4.76,16.17,9.7,55.0,0.0,50.0,48,Good,Juice
373-80-3146,C,Mandalay,Normal,Female,Fashion accessories,93.45,8,7.82,,2021-01-08,9:32,Cash,646.04,4.76,47.78,8.5,,0.0,25.0,33,Excellent,Scarf
394-66-8941,C,Naypyitaw,Normal,Male,Health and beauty,13.67,4,13.25,449.01,2021-02-02,18:50,Ewallet,849.59,4.76,46.26,8.2,46.0,0.0,4.0,32,Good,Soap
224-13-4920,B,Mandalay,Normal,male,Home and lifestyle,42.09,3,10.78,145.06,2021-01-04,12:17,Credit card,856.9,4.76,8.07,7.6,59.0,0.0,46.0,67,Poor,Curtain
826-30-6091,B,Yangon,Normal,Male,Sports and travel,73.81,5,15.57,344.48,2021-01-07,17:25,Ewallet,448.06,4.76,14.58,9.8,,0.0,30.0,71,Good,Travel Pillow
664-11-7684,C,Naypyitaw,Normal,FEMALE,Fashion accessories,53.67,8,23.6,948.64,2021-08-02,17:44,Cash,75.53,4.76,47.65,9.3,,15.27,,43,EXCELLENT,Watch
195-38-2858,B,Naypyitaw,Member,FEMALE,Food and beverages,54.37,4,39.34,267.89,2021-05-02,17:14,Ewallet,788.43,4.76,2.38,6.8,21.0,0.0,32.0,36,Good,Biscuits
572-25-3522,B,Naypyitaw,Member,FEMALE,Electronic accessories,86.13,8,5.71,667.91,2021-01-07,18:02,CASH,298.04,4.76,36.78,4.6,,3.76,32.0,68,good,Charger
610-47-9337,C,Naypyitaw,Normal,Male,Sports and travel,88.02,6,35.01,882.14,2021-01-05,15:08,Cash,63.17,4.76,28.34,4.1,,0.0,,61,Excellent,Water Bottle
822-44-7807,B,Mandalay,Member,FEMALE,Home and lifestyle,21.13,3,34.57,,2021-01-04,13:25,cash,608.94,4.76,8.4,,64.0,6.5,17.0,99,Excellent,Cushion
954-71-8736,B,Yangon,Member,Female,Sports and travel,18.42,7,18.36,743.15,2021-01-03,16:09,Credit card,237.49,4.76,20.1,7.7,,12.97,46.0,43,Excellent,Backpack
349-68-3369,A,Mandalay,Member,Female,Sports and travel,88.14,7,48.11,93.1,2021-01-01,17:28,Cash,168.97,4.76,13.53,5.0,,0.0,25.0,31,EXCELLENT,Water Bottle
492-34-9327,A,Yangon,Normal,FEMALE,Fashion accessories,26.26,8,45.72,218.49,2021-01-02,18:36,cash,125.28,4.76,46.73,4.2,,0.0,,13,Excellent,Watch
864-27-2143,C,Yangon,Member,FEMALE,Fashion accessories,25.15,7,,,2021-02-02,10:27,Credit card,923.89,4.76,20.94,7.4,,0.0,,14,Poor,Handbag
382-63-6568,A,Naypyitaw,Member,FEMALE,Health and beauty,55.79,2,5.33,183.21,2021-01-06,9:39,cash,597.87,4.76,9.98,5.6,22.0,0.0,47.0,74,Good,Shampoo
906-74-5377,A,Naypyitaw,Member,FEMALE,Home and lifestyle,34.55,5,45.44,87.04,2021-07-02,10:05,Ewallet,668.89,4.76,19.29,8.6,32.0,0.0,,80,Poor,Table Cover
940-10-5634,B,Naypyitaw,Member,Male,Electronic accessories,90.18,3,29.44,249.33,2021-09-02,13:04,Cash,193.95,4.76,49.6,5.6,48.0,23.47,23.0,96,Good,Keyboard
843-48-9022,A,Yangon,Normal,Male,Health and beauty,62.71,3,31.42,328.43,2021-01-04,12:53,Cash,322.87,4.76,42.26,6.0,,0.0,21.0,97,EXCELLENT,Face Wash
986-29-8316,B,Yangon,Member,Female,Health and beauty,62.52,8,44.01,832.09,2021-03-02,10:37,Credit card,844.89,4.76,39.88,8.9,18.0,5.16,,66,Poor,Face Wash
651-71-6654,A,Naypyitaw,Member,male,Electronic accessories,97.45,5,42.41,215.91,2021-01-04,20:15,CASH,733.17,4.76,10.09,6.7,,0.0,,100,EXCELLENT,Keyboard
440-80-9903,C,Yangon,Normal,Female,Food and beverages,57.34,10,33.83,193.81,2021-01-02,14:42,Ewallet,484.47,4.76,1.69,4.1,53.0,0.0,,1,Good,Coffee
486-68-6272,B,Mandalay,Normal,Male,Fashion accessories,61.37,6,38.39,685.23,2021-03-02,18:40,cash,188.85,4.76,41.79,5.8,,0.0,,32,Excellent,Sunglasses
990-34-4912,A,Naypyitaw,Member,Female,Home and lifestyle,47.48,8,42.12,928.71,2021-07-02,11:52,cash,160.74,4.76,35.0,8.5,57.0,0.0,,21,very good,Cushion
685-59-4826,B,Mandalay,Normal,Female,Sports and travel,16.92,4,14.24,78.48,2021-03-02,12:45,cash,482.85,4.76,34.0,8.6,58.0,0.0,,46,good,Water Bottle
976-62-1715,C,Mandalay,Normal,Male,Food and beverages,79.14,9,6.25,433.47,2021-01-07,15:06,Credit card,386.79,4.76,9.45,7.4,45.0,0.0,31.0,44,good,Juice
425-70-7246,C,Mandalay,Normal,male,Home and lifestyle,70.92,6,41.28,849.35,2021-03-02,12:13,cash,264.16,4.76,5.88,6.8,26.0,0.0,58.0,39,Poor,Lamp
495-94-3492,B,Mandalay,Member,Male,Fashion accessories,89.86,7,34.84,77.05,2021-02-02,16:46,CASH,232.69,4.76,27.14,6.6,,0.0,,18,Excellent,Handbag
607-14-3068,C,Naypyitaw,Member,Female,Fashion accessories,12.34,6,6.95,,2021-01-06,15:57,Cash,448.05,4.76,31.47,4.4,,0.0,20.0,67,very good,Sunglasses
614-85-6439,C,Mandalay,Normal,Male,Home and lifestyle,71.32,5,26.03,,2021-04-02,9:21,CASH,180.47,4.76,2.74,,27.0,0.0,53.0,0,EXCELLENT,Curtain
990-22-8213,A,Naypyitaw,Member,male,Sports and travel,71.26,10,35.38,748.2,2021-01-05,11:15,CASH,361.86,4.76,15.97,7.6,,0.0,,41,EXCELLENT,Sneakers
202-77-8486,C,Naypyitaw,Member,male,Food and beverages,45.48,1,28.54,437.27,2021-01-07,9:58,Ewallet,296.12,4.76,26.77,9.2,,5.07,39.0,31,good,Juice
115-28-7717,A,Mandalay,Member,Male,Fashion accessories,63.13,2,7.68,774.38,2021-06-02,13:20,Ewallet,162.79,4.76,5.86,5.9,41.0,0.0,,56,very good,Scarf
991-93-3529,B,Yangon,Member,Male,Fashion accessories,95.61,10,32.34,211.25,2021-01-06,17:32,Cash,375.63,4.76,19.69,5.6,,0.0,4.0,52,Poor,Watch
176-70-5342,C,Yangon,Member,Male,Food and beverages,85.33,7,31.78,381.23,2021-01-08,10:25,Cash,376.73,4.76,3.46,,18.0,0.0,3.0,97,Poor,Snacks
446-89-7512,B,Mandalay,Member,FEMALE,Food and beverages,23.84,6,46.89,448.89,2021-03-02,14:49,Ewallet,324.86,4.76,1.59,5.4,,0.0,,38,very good,Biscuits
765-20-6383,C,Mandalay,Member,Female,Sports and travel,17.3,8,31.56,970.29,2021-05-02,20:01,CASH,776.04,4.76,27.76,7.6,,0.02,,16,very good,Travel Pillow
972-96-9742,A,Yangon,Member,Female,Sports and travel,84.76,6,4.29,444.32,2021-04-02,11:23,Cash,573.81,4.76,22.98,4.2,,0.0,34.0,46,Good,Sneakers
489-50-8994,C,Naypyitaw,Member,male,Home and lifestyle,69.36,7,44.12,468.4,2021-08-02,13:48,cash,624.37,4.76,32.99,6.9,50.0,0.0,,42,EXCELLENT,Chair
993-79-1588,B,Naypyitaw,Member,Female,Food and beverages,50.86,4,13.11,818.95,2021-01-09,13:31,Cash,812.0,4.76,3.75,,39.0,16.97,19.0,3,EXCELLENT,Tea
732-18-4846,C,Naypyitaw,Normal,FEMALE,Electronic accessories,95.97,1,2.21,,2021-01-05,11:16,cash,206.97,4.76,46.57,4.3,,0.0,19.0,61,very good,Mouse
746-97-5708,A,Naypyitaw,Member,male,Home and lifestyle,63.48,6,20.14,904.57,2021-02-02,10:39,Credit card,209.67,4.76,39.17,7.9,61.0,0.0,,71,good,Curtain
332-21-8110,B,Mandalay,Normal,Male,Electronic accessories,10.52,1,15.7,356.73,2021-01-07,10:27,cash,707.07,4.76,2.56,4.6,,0.0,,54,Good,Mouse
200-91-2646,A,Yangon,Member,Male,Home and lifestyle,97.28,3,10.02,959.06,2021-04-02,14:41,CASH,666.97,4.76,17.43,7.0,,0.0,16.0,70,Poor,Lamp
554-31-5906,C,Mandalay,Normal,male,Electronic accessories,69.06,8,42.54,141.58,2021-01-05,9:55,Cash,781.14,4.76,39.83,5.6,24.0,0.0,46.0,67,Excellent,Headphones
129-15-6314,C,Mandalay,Member,male,Sports and travel,95.58,3,31.03,839.53,2021-05-02,12:44,Ewallet,216.17,4.76,20.16,4.3,,0.0,10.0,81,EXCELLENT,Water Bottle
915-17-5806,A,Naypyitaw,Member,male,Home and lifestyle,39.24,10,33.25,169.54,2021-01-05,13:17,CASH,296.71,4.76,40.33,4.5,43.0,0.0,29.0,57,EXCELLENT,Chair
467-57-8056,B,Yangon,Normal,FEMALE,Home and lifestyle,75.84,3,8.17,815.18,2021-04-02,9:50,CASH,307.88,4.76,36.35,9.1,,0.0,55.0,69,very good,Chair
249-41-9702,A,Yangon,Normal,Male,Health and beauty,76.09,2,,676.25,2021-01-04,18:26,Ewallet,837.03,4.76,4.43,6.1,24.0,0.0,,50,Good,Toothpaste
521-82-3950,B,Naypyitaw,Normal,FEMALE,Electronic accessories,96.17,7,37.49,731.4,2021-01-07,15:54,Cash,796.83,4.76,18.66,9.4,22.0,0.0,,3,Good,Mouse
274-32-2293,B,Mandalay,Member,Male,Home and lifestyle,61.22,10,26.06,634.26,2021-09-02,10:30,Cash,310.35,4.76,21.05,4.8,,0.0,20.0,86,Poor,Curtain
724-58-4945,B,Mandalay,Member,male,Home and lifestyle,29.02,2,10.82,288.14,2021-09-02,20:30,Credit card,803.37,4.76,27.64,8.5,,0.0,,23,Good,Table Cover
609-84-3344,A,Mandalay,Normal,FEMALE,Sports and travel,14.38,4,15.18,336.05,2021-01-01,20:04,Ewallet,489.17,4.76,2.53,9.5,43.0,15.97,,5,very good,Water Bottle
337-69-5161,B,Yangon,Member,Female,Electronic accessories,67.93,3,29.85,489.04,2021-09-02,17:08,CASH,581.28,4.76,17.61,8.7,,0.0,,29,Poor,Headphones
570-42-1153,A,Mandalay,Member,Male,Food and beverages,39.09,5,14.48,541.06,2021-04-02,20:16,Credit card,878.65,4.76,24.31,5.8,,27.55,50.0,92,good,Coffee
923-69-5712,A,Mandalay,Normal,male,Electronic accessories,15.0,9,40.19,303.39,2021-01-09,18:34,Cash,40.8,4.76,16.34,7.1,,8.73,,75,very good,Headphones
793-79-3588,A,Mandalay,Member,male,Fashion accessories,16.37,7,40.86,361.55,2021-01-09,18:48,CASH,457.45,4.76,3.94,8.5,26.0,0.0,53.0,16,Excellent,Watch
175-66-6661,C,Mandalay,Normal,FEMALE,Food and beverages,95.67,7,14.89,187.96,2021-02-02,17:40,cash,770.08,4.76,25.25,9.6,,0.0,5.0,21,Excellent,Snacks
701-48-7951,C,Mandalay,Normal,Female,Home and lifestyle,44.33,2,20.08,858.21,2021-01-04,9:34,cash,39.5,4.76,7.69,6.9,,11.63,26.0,15,Good,Curtain
806-42-8484,C,Naypyitaw,Member,Female,Electronic accessories,45.9,10,2.67,809.78,2021-03-02,17:58,Ewallet,374.26,4.76,47.81,7.5,,0.0,59.0,31,Good,Mouse
965-48-4263,B,Naypyitaw,Member,Male,Electronic accessories,26.02,6,33.2,804.49,2021-05-02,20:00,Ewallet,658.47,4.76,28.59,8.7,,0.0,30.0,9,Good,Mouse
493-71-2747,C,Yangon,Normal,Male,Fashion accessories,96.85,5,45.5,63.61,2021-03-02,15:29,CASH,734.68,4.76,1.6,4.2,21.0,0.0,,61,Excellent,Scarf
342-58-6881,C,Yangon,Normal,Male,Fashion accessories,87.9,7,7.83,843.61,2021-03-02,17:09,Cash,659.61,4.76,40.13,9.0,,4.17,,4,Good,Belt
688-47-5837,C,Yangon,Member,FEMALE,Fashion accessories,18.03,1,23.46,426.93,2021-05-02,10:17,Ewallet,95.66,4.76,11.59,4.1,,25.89,58.0,11,Good,Sunglasses
122-94-7484,B,Mandalay,Member,male,Electronic accessories,86.71,8,,,2021-01-09,10:28,Cash,734.8,4.76,23.61,6.2,,10.53,,79,Poor,Keyboard
381-11-1803,A,Naypyitaw,Member,FEMALE,Electronic accessories,24.66,2,25.53,864.8,2021-01-02,13:26,cash,318.16,4.76,10.29,6.6,,0.0,,91,Excellent,Keyboard
720-73-5689,C,Mandalay,Member,male,Electronic accessories,80.15,7,11.33,876.05,2021-01-01,17:54,cash,754.98,4.76,39.16,4.2,31.0,0.0,22.0,41,Poor,Power Bank
894-39-6772,A,Mandalay,Normal,male,Health and beauty,35.64,5,26.73,435.37,2021-01-05,10:50,Cash,442.34,4.76,33.06,6.7,52.0,0.0,12.0,71,very good,Face Wash
324-91-4115,A,Mandalay,Member,male,Health and beauty,77.73,3,9.55,480.53,2021-01-08,12:53,CASH,266.79,4.76,9.41,7.6,,0.0,57.0,51,good,Face Wash
735-42-3240,A,Naypyitaw,Member,Female,Home and lifestyle,68.87,3,33.14,467.87,2021-09-02,14:39,Cash,675.83,4.76,5.58,4.2,,15.77,49.0,53,very good,Curtain
743-22-1645,A,Mandalay,Member,FEMALE,Food and beverages,20.85,4,23.51,672.69,2021-02-02,11:58,Credit card,197.13,4.76,11.01,6.6,,0.0,,26,very good,Tea
416-66-1546,C,Naypyitaw,Normal,FEMALE,Electronic accessories,54.18,9,7.86,370.48,2021-02-02,15:40,cash,422.97,4.76,40.84,8.9,,10.83,,75,Excellent,Headphones
693-56-3153,B,Naypyitaw,Member,FEMALE,Sports and travel,48.91,8,33.26,227.0,2021-01-02,15:16,CASH,635.3,4.76,28.75,8.7,,0.0,60.0,99,Good,Sneakers
192-47-6352,C,Yangon,Member,Female,Home and lifestyle,82.57,4,4.34,878.37,2021-04-02,17:27,Credit card,177.16,4.76,37.42,7.3,51.0,0.0,,73,Poor,Cushion
865-63-3877,B,Yangon,Member,Female,Home and lifestyle,37.91,1,24.7,483.5,2021-01-01,18:42,cash,837.44,4.76,24.16,8.4,,0.0,,84,Excellent,Chair
305-26-9837,C,Mandalay,Normal,male,Electronic accessories,71.65,4,30.69,863.4,2021-03-02,17:39,cash,711.79,4.76,4.7,9.3,,0.0,31.0,16,good,Mouse
997-56-9697,C,Yangon,Member,Female,Electronic accessories,21.82,7,35.72,299.72,2021-01-03,12:44,cash,410.99,4.76,20.1,7.4,64.0,0.0,,69,Poor,Power Bank
613-44-3695,A,Mandalay,Member,Male,Food and beverages,69.9,10,33.29,455.19,2021-01-08,18:25,Cash,276.57,4.76,7.98,4.5,39.0,0.0,51.0,60,EXCELLENT,Biscuits
363-71-5835,B,Naypyitaw,Normal,Male,Fashion accessories,84.88,3,35.19,,2021-07-02,20:39,cash,446.16,4.76,6.88,,61.0,16.84,,72,EXCELLENT,Watch
864-53-2886,C,Mandalay,Normal,Male,Health and beauty,56.14,2,29.46,139.85,2021-09-02,17:28,Ewallet,488.17,4.76,40.41,7.0,,10.49,,67,good,Toothpaste
579-19-3306,B,Naypyitaw,Normal,FEMALE,Fashion accessories,54.07,5,41.66,838.57,2021-01-04,13:59,cash,323.39,4.76,13.44,6.0,31.0,0.0,35.0,99,Excellent,Watch
872-38-7511,B,Mandalay,Member,Male,Home and lifestyle,89.69,1,2.45,727.06,2021-01-08,17:24,Ewallet,186.86,4.76,43.64,6.0,29.0,0.0,21.0,61,Poor,Lamp
966-81-6992,C,Yangon,Normal,Female,Home and lifestyle,52.88,8,12.35,380.24,2021-09-02,18:19,Cash,869.08,4.76,35.79,9.0,37.0,0.0,,20,Excellent,Lamp
192-60-1228,B,Naypyitaw,Member,FEMALE,Electronic accessories,60.68,2,25.47,575.63,2021-06-02,20:57,CASH,551.86,4.76,14.69,8.5,57.0,0.0,24.0,66,EXCELLENT,Power Bank
370-78-3024,C,Yangon,Normal,FEMALE,Home and lifestyle,48.08,5,16.86,967.98,2021-01-04,10:20,CASH,46.13,4.76,20.97,5.2,,0.0,,63,good,Table Cover
565-57-5295,C,Yangon,Normal,Male,Sports and travel,78.08,1,38.82,223.48,2021-01-08,14:37,cash,104.11,4.76,6.48,5.0,29.0,0.0,,25,Good,Backpack
698-58-7086,A,Mandalay,Normal,male,Food and beverages,82.99,1,39.98,891.34,2021-01-02,13:20,Credit card,397.42,4.76,25.3,7.7,55.0,0.0,,89,EXCELLENT,Biscuits
210-96-4830,A,Naypyitaw,Member,male,Electronic accessories,65.25,9,44.16,184.62,2021-01-06,19:03,Credit card,529.32,4.76,28.9,8.5,,0.0,,9,Excellent,Keyboard
582-13-6374,B,Naypyitaw,Normal,Female,Food and beverages,49.07,7,19.82,787.12,2021-01-06,10:07,Cash,160.42,4.76,27.81,4.1,,0.0,,32,Poor,Coffee
724-38-2035,A,Mandalay,Member,Male,Home and lifestyle,48.34,5,46.2,757.37,2021-01-03,18:08,Credit card,586.22,4.76,49.65,8.8,,0.0,,20,Excellent,Table Cover
750-69-5951,B,Yangon,Normal,Female,Health and beauty,13.64,8,13.27,790.94,2021-08-02,20:38,CASH,55.55,4.76,4.35,9.1,64.0,0.0,,39,very good,Soap
764-62-2911,C,Naypyitaw,Normal,male,Health and beauty,40.76,10,,554.03,2021-09-02,19:11,Credit card,369.37,4.76,41.88,7.8,33.0,0.0,,72,very good,Shampoo
243-15-1609,A,Naypyitaw,Member,male,Sports and travel,51.72,6,22.63,556.5,2021-01-02,9:54,Credit card,697.12,4.76,23.28,4.8,47.0,1.08,52.0,46,very good,Water Bottle
411-73-2902,C,Yangon,Member,Male,Sports and travel,30.18,6,31.93,709.01,2021-05-02,19:49,Credit card,175.05,4.76,16.01,6.7,,0.0,55.0,52,Excellent,Sneakers
199-40-9807,A,Yangon,Normal,male,Electronic accessories,71.76,4,,208.42,2021-01-05,16:23,Cash,575.13,4.76,20.95,9.1,35.0,0.0,12.0,22,good,Charger
238-59-8432,A,Yangon,Normal,male,Sports and travel,23.96,7,6.28,696.38,2021-01-01,12:44,cash,137.66,4.76,49.18,8.2,29.0,12.05,,73,EXCELLENT,Travel Pillow
479-95-9850,A,Yangon,Normal,male,Home and lifestyle,54.58,1,7.53,865.99,2021-01-05,15:56,cash,326.77,4.76,8.09,,32.0,0.0,,14,Excellent,Curtain
529-85-3531,C,Yangon,Member,Male,Electronic accessories,66.66,6,28.27,934.12,2021-06-02,20:02,cash,825.51,4.76,12.05,8.1,,0.0,6.0,60,Good,Mouse
524-93-2622,B,Yangon,Member,Male,Health and beauty,57.22,1,25.06,563.78,2021-09-02,14:07,Ewallet,884.62,4.76,15.78,6.4,,4.86,36.0,85,Good,Lotion
953-72-7686,A,Yangon,Member,male,Fashion accessories,36.16,7,12.05,452.81,2021-08-02,10:30,Credit card,407.67,4.76,42.98,9.0,42.0,12.24,,73,EXCELLENT,Handbag
386-14-7070,C,Mandalay,Member,male,Food and beverages,49.36,3,22.27,96.47,2021-01-05,10:27,CASH,68.68,4.76,46.6,6.4,41.0,0.0,,50,Good,Snacks
322-66-8285,B,Yangon,Member,FEMALE,Food and beverages,91.65,2,39.71,430.83,2021-05-02,19:46,Ewallet,574.1,4.76,7.46,9.6,,0.0,,39,very good,Biscuits
341-56-2627,B,Mandalay,Normal,Male,Home and lifestyle,52.99,5,2.19,545.66,2021-01-03,9:14,Ewallet,320.54,4.76,18.67,9.3,35.0,0.0,,38,EXCELLENT,Curtain
802-57-9920,A,Naypyitaw,Member,Female,Fashion accessories,23.37,4,5.71,502.72,2021-02-02,18:34,CASH,641.65,4.76,5.55,9.7,,0.0,32.0,14,EXCELLENT,Watch
760-55-1992,C,Yangon,Normal,Female,Fashion accessories,21.5,10,,735.47,2021-02-02,17:51,cash,565.04,4.76,20.47,5.1,,0.41,9.0,54,Poor,Handbag
507-45-4109,C,Mandalay,Normal,male,Home and lifestyle,91.26,8,1.26,121.13,2021-01-06,15:13,Credit card,243.98,4.76,8.06,9.0,,19.17,,1,Poor,Lamp
225-68-2501,B,Mandalay,Normal,male,Sports and travel,85.74,4,28.85,684.71,2021-01-03,15:20,Cash,254.81,4.76,9.87,,57.0,0.0,,30,very good,Travel Pillow
778-37-1349,C,Mandalay,Member,FEMALE,Home and lifestyle,57.08,6,17.69,746.79,2021-01-02,12:26,Credit card,644.91,4.76,45.66,8.9,44.0,0.0,5.0,24,good,Chair
151-52-4990,B,Naypyitaw,Member,FEMALE,Food and beverages,36.59,6,47.93,113.47,2021-01-05,20:41,CASH,777.37,4.76,14.22,6.9,24.0,0.0,46.0,97,EXCELLENT,Tea
228-82-4362,B,Mandalay,Normal,Male,Fashion accessories,14.3,6,26.88,183.29,2021-09-02,11:06,cash,624.09,4.76,5.03,6.5,48.0,0.0,,23,Excellent,Handbag
170-80-4394,B,Naypyitaw,Normal,Female,Electronic accessories,16.89,4,11.17,202.24,2021-01-09,17:37,Ewallet,188.57,4.76,47.76,9.3,,0.0,,69,EXCELLENT,Keyboard
700-37-4817,A,Yangon,Normal,FEMALE,Food and beverages,14.06,7,25.54,977.63,2021-01-02,13:20,cash,602.63,4.76,45.78,8.8,43.0,0.0,21.0,71,EXCELLENT,Tea
436-28-1046,C,Naypyitaw,Normal,Female,Fashion accessories,19.69,2,45.09,421.68,2021-02-02,14:38,Ewallet,302.93,4.76,33.55,6.7,28.0,0.0,,64,very good,Scarf
383-28-3129,A,Yangon,Normal,FEMALE,Sports and travel,48.24,8,40.28,448.06,2021-01-05,9:24,Ewallet,732.83,4.76,1.83,4.0,46.0,0.0,,0,Good,Travel Pillow
653-42-3858,B,Yangon,Normal,male,Home and lifestyle,18.5,2,31.65,286.14,2021-01-02,16:00,Ewallet,195.49,4.76,14.31,9.0,43.0,0.0,,60,very good,Cushion
212-94-1422,C,Mandalay,Normal,FEMALE,Fashion accessories,69.48,5,28.89,264.99,2021-01-02,9:01,cash,426.95,4.76,37.35,5.0,64.0,0.0,,0,Excellent,Watch
234-11-6869,C,Mandalay,Member,FEMALE,Health and beauty,61.16,3,26.35,183.42,2021-06-02,18:41,Ewallet,99.92,4.76,22.86,4.9,,0.0,,2,Poor,Toothpaste
908-40-6304,B,Naypyitaw,Normal,Male,Fashion accessories,32.8,10,25.44,739.68,2021-02-02,19:36,cash,640.19,4.76,42.29,8.2,,0.0,3.0,41,Good,Belt
116-32-5347,C,Mandalay,Normal,male,Sports and travel,32.94,9,27.49,688.7,2021-01-03,13:51,Cash,603.62,4.76,44.28,9.7,53.0,0.0,,10,very good,Travel Pillow
153-26-7897,B,Yangon,Member,male,Health and beauty,17.36,8,,185.29,2021-01-02,11:19,Cash,54.9,4.76,19.42,9.3,26.0,20.92,28.0,89,very good,Face Wash
638-24-2041,B,Mandalay,Normal,Male,Electronic accessories,55.31,5,15.2,361.1,2021-01-03,17:37,Credit card,645.32,4.76,2.11,5.4,,0.0,,5,EXCELLENT,Charger
587-67-6931,B,Naypyitaw,Normal,Female,Fashion accessories,20.25,9,20.13,544.59,2021-01-08,13:11,Ewallet,342.47,4.76,34.05,8.1,27.0,20.71,,22,Poor,Watch
625-85-2786,B,Naypyitaw,Normal,male,Food and beverages,69.54,8,43.75,783.08,2021-01-03,9:18,Credit card,208.97,4.76,21.61,8.2,30.0,22.88,,67,EXCELLENT,Snacks
562-74-4629,C,Mandalay,Normal,male,Health and beauty,26.16,8,15.12,270.57,2021-01-02,15:24,Ewallet,695.94,4.76,31.65,6.2,,0.0,39.0,62,Poor,Lotion
729-15-9543,A,Mandalay,Normal,Male,Home and lifestyle,26.4,8,12.83,831.13,2021-01-04,19:55,cash,235.19,4.76,16.47,9.9,,28.83,23.0,39,Poor,Chair
408-68-1510,C,Yangon,Normal,Female,Health and beauty,45.37,4,30.95,629.53,2021-01-01,13:50,Ewallet,525.24,4.76,12.01,10.0,39.0,0.0,42.0,43,Poor,Soap
162-71-7580,A,Mandalay,Member,male,Sports and travel,17.5,3,31.31,886.22,2021-04-02,20:55,Credit card,813.23,4.76,7.4,4.4,,0.0,20.0,87,Good,Sneakers
536-97-2768,C,Naypyitaw,Member,Male,Food and beverages,88.91,2,44.7,734.01,2021-03-02,17:39,CASH,70.12,4.76,21.04,7.2,59.0,0.0,26.0,10,Excellent,Tea
602-66-2204,B,Naypyitaw,Member,male,Electronic accessories,36.79,1,46.91,952.01,2021-05-02,15:27,Credit card,557.98,4.76,32.93,6.2,59.0,0.0,15.0,19,Good,Mouse
182-51-3430,C,Yangon,Normal,FEMALE,Sports and travel,62.85,6,33.01,846.08,2021-02-02,16:26,Credit card,813.53,4.76,30.53,7.2,,0.0,20.0,2,Good,Water Bottle
167-26-5505,C,Mandalay,Member,Female,Home and lifestyle,50.95,5,,645.55,2021-01-05,9:20,Ewallet,236.49,4.76,15.71,5.6,38.0,0.0,,18,Poor,Cushion
739-91-9984,C,Yangon,Member,FEMALE,Health and beauty,70.32,5,10.83,210.03,2021-01-02,15:16,Cash,817.1,4.76,28.3,7.1,31.0,23.67,,87,good,Shampoo
829-51-7240,B,Mandalay,Member,Female,Home and lifestyle,66.14,2,3.91,872.23,2021-01-05,11:00,CASH,89.09,4.76,48.56,8.0,44.0,0.0,9.0,20,EXCELLENT,Chair
711-77-5831,A,Yangon,Normal,Male,Health and beauty,33.86,9,41.02,326.55,2021-01-02,13:20,CASH,620.98,4.76,34.18,4.3,50.0,0.0,60.0,93,Good,Shampoo
564-74-8048,C,Yangon,Normal,male,Food and beverages,97.0,8,38.11,134.14,2021-01-01,15:55,Cash,192.64,4.76,14.25,9.2,,6.57,,90,Poor,Biscuits
201-99-2874,B,Naypyitaw,Member,male,Fashion accessories,88.42,6,4.05,961.75,2021-02-02,14:31,CASH,169.69,4.76,17.9,8.4,,0.0,3.0,83,EXCELLENT,Scarf
973-93-4522,A,Yangon,Member,Male,Electronic accessories,26.85,10,40.48,279.23,2021-04-02,16:21,cash,903.78,4.76,34.91,7.2,,0.0,,96,EXCELLENT,Mouse
540-67-4743,B,Yangon,Normal,male,Food and beverages,26.66,10,30.89,519.81,2021-01-02,17:57,CASH,189.06,4.76,29.63,7.0,36.0,0.0,,0,very good,Biscuits
523-53-8430,A,Naypyitaw,Member,FEMALE,Food and beverages,77.23,6,40.57,460.85,2021-01-02,9:36,CASH,100.17,4.76,18.19,6.3,,0.0,1.0,10,Good,Biscuits
508-63-2557,B,Yangon,Member,Male,Electronic accessories,64.36,7,4.47,149.93,2021-01-02,16:50,Cash,719.25,4.76,19.73,7.8,,0.0,6.0,92,good,Keyboard
420-64-6120,B,Naypyitaw,Member,FEMALE,Home and lifestyle,88.45,9,37.23,850.21,2021-01-08,13:49,CASH,500.45,4.76,7.44,8.1,,0.0,41.0,62,Excellent,Cushion
781-42-7132,B,Yangon,Normal,Female,Electronic accessories,19.57,7,44.49,909.49,2021-06-02,14:14,cash,868.76,4.76,6.21,7.9,,10.62,,46,Good,Headphones
256-97-8770,B,Mandalay,Normal,male,Health and beauty,58.09,4,7.34,362.39,2021-07-02,12:50,Ewallet,133.64,4.76,33.7,8.5,,5.96,,38,very good,Lotion
168-21-2398,B,Naypyitaw,Member,FEMALE,Health and beauty,10.53,5,6.1,288.69,2021-01-08,17:51,Ewallet,372.69,4.76,16.66,4.3,24.0,0.0,,46,Good,Toothpaste
195-65-2582,C,Mandalay,Member,male,Food and beverages,20.5,2,12.04,62.28,2021-07-02,18:01,Credit card,171.36,4.76,46.58,9.1,,0.0,10.0,34,very good,Juice
862-57-3131,C,Naypyitaw,Normal,Female,Sports and travel,25.46,10,24.4,511.27,2021-04-02,15:08,Cash,430.6,4.76,29.49,7.5,62.0,0.0,,8,Excellent,Backpack
669-17-6400,A,Yangon,Member,male,Fashion accessories,52.94,2,43.95,260.32,2021-05-02,12:54,CASH,413.78,4.76,42.24,4.9,,0.0,,50,Poor,Sunglasses
786-25-7730,C,Naypyitaw,Normal,Female,Fashion accessories,72.26,3,46.63,302.47,2021-01-01,14:16,CASH,489.54,4.76,9.37,7.1,,0.0,,35,Poor,Sunglasses
462-95-7929,B,Yangon,Member,Male,Health and beauty,88.19,7,,834.95,2021-01-07,15:56,cash,399.35,4.76,22.06,5.2,,0.0,,67,Excellent,Soap
988-16-5712,B,Mandalay,Member,male,Food and beverages,96.92,1,10.61,626.31,2021-01-02,15:50,Credit card,852.14,4.76,44.16,4.3,,10.6,40.0,63,Good,Biscuits
714-49-6761,C,Yangon,Normal,Male,Sports and travel,64.17,10,19.59,626.3,2021-01-09,11:54,Ewallet,125.66,4.76,49.68,9.6,,0.0,22.0,79,Excellent,Travel Pillow
206-83-9313,A,Naypyitaw,Normal,Female,Electronic accessories,53.81,7,1.89,684.18,2021-02-02,19:11,Ewallet,566.22,4.76,35.45,6.5,,0.0,10.0,17,Excellent,Keyboard
317-29-8900,A,Yangon,Normal,Male,Sports and travel,65.66,6,19.97,152.41,2021-05-02,15:21,CASH,518.37,4.76,36.89,6.7,,0.0,53.0,84,EXCELLENT,Backpack
329-23-6736,A,Naypyitaw,Member,FEMALE,Home and lifestyle,97.65,3,7.14,660.54,2021-01-03,20:18,Credit card,271.17,4.76,40.31,,35.0,0.0,,89,Excellent,Cushion
965-81-7022,C,Yangon,Member,Male,Food and beverages,42.47,10,27.93,140.17,2021-01-08,9:06,Ewallet,524.26,4.76,44.36,,,0.0,,8,good,Biscuits
217-45-4705,B,Yangon,Normal,FEMALE,Food and beverages,70.64,2,6.78,276.68,2021-06-02,15:40,Ewallet,388.31,4.76,13.51,4.2,,0.0,40.0,7,Good,Juice
926-64-1430,A,Mandalay,Normal,Female,Food and beverages,72.13,9,45.27,723.84,2021-01-04,14:38,Credit card,939.72,4.76,28.24,9.2,42.0,0.0,,34,very good,Snacks
723-94-5381,A,Naypyitaw,Member,Female,Health and beauty,45.55,6,17.81,824.52,2021-08-02,18:22,cash,720.07,4.76,39.77,6.7,,0.0,,51,good,Soap
129-33-5477,A,Mandalay,Member,male,Fashion accessories,37.24,5,12.67,87.87,2021-03-02,12:59,Ewallet,800.2,4.76,45.51,7.2,,0.0,0.0,53,very good,Belt
819-49-6567,B,Naypyitaw,Normal,FEMALE,Home and lifestyle,21.26,8,1.49,468.23,2021-01-04,9:00,Credit card,649.82,4.76,26.17,6.5,25.0,0.0,,16,good,Cushion
459-10-3972,B,Naypyitaw,Member,male,Sports and travel,11.25,3,37.88,870.24,2021-04-02,20:59,Cash,69.17,4.76,21.64,9.2,,24.34,8.0,59,EXCELLENT,Sneakers
990-28-7566,A,Naypyitaw,Member,male,Electronic accessories,20.07,3,27.27,428.76,2021-01-07,19:27,Credit card,387.21,4.76,11.48,5.8,55.0,0.0,,40,Excellent,Power Bank
171-28-1502,B,Mandalay,Member,Female,Fashion accessories,11.43,1,,757.17,2021-05-02,11:54,CASH,554.42,4.76,19.59,8.5,46.0,0.0,,83,Poor,Scarf
193-77-4524,A,Mandalay,Member,Male,Sports and travel,97.35,5,43.79,912.68,2021-01-09,11:07,Ewallet,492.28,4.76,3.88,,29.0,0.0,35.0,94,Excellent,Travel Pillow
485-63-8432,C,Mandalay,Member,Female,Home and lifestyle,87.31,2,3.79,221.7,2021-09-02,11:09,Ewallet,887.84,4.76,1.47,6.7,59.0,0.0,,2,EXCELLENT,Table Cover
449-30-7062,A,Mandalay,Normal,Female,Sports and travel,28.83,10,22.49,362.51,2021-01-07,13:11,Ewallet,436.86,4.76,26.75,8.0,,0.0,,99,Good,Travel Pillow
419-51-2391,C,Mandalay,Member,Male,Home and lifestyle,68.38,4,16.39,441.54,2021-04-02,16:27,Credit card,512.46,4.76,16.29,9.7,42.0,0.0,,12,good,Curtain
153-29-3579,B,Mandalay,Member,FEMALE,Health and beauty,68.48,7,44.63,,2021-01-05,16:44,Ewallet,254.99,4.76,13.68,7.9,40.0,0.0,41.0,45,EXCELLENT,Shampoo
872-89-1815,A,Yangon,Member,FEMALE,Home and lifestyle,49.22,6,7.36,896.4,2021-01-08,19:30,Cash,318.58,4.76,26.05,4.5,,0.0,58.0,21,very good,Chair
790-20-5458,B,Mandalay,Member,Male,Home and lifestyle,66.35,4,33.22,698.86,2021-01-02,13:25,Ewallet,331.11,4.76,12.31,4.0,,0.0,35.0,51,Excellent,Lamp
553-94-7947,A,Mandalay,Normal,Male,Home and lifestyle,81.1,4,4.74,967.31,2021-07-02,11:48,Cash,707.81,4.76,41.22,8.1,,0.0,39.0,87,very good,Chair
597-87-8242,C,Naypyitaw,Normal,male,Home and lifestyle,27.18,1,11.09,794.52,2021-01-01,14:39,Cash,386.7,4.76,28.32,9.3,65.0,0.0,,87,Excellent,Cushion
524-44-4531,B,Naypyitaw,Normal,Male,Sports and travel,37.08,3,40.86,714.15,2021-02-02,10:24,Credit card,399.59,4.76,5.34,4.7,,7.55,,73,Excellent,Backpack
873-75-2864,B,Naypyitaw,Normal,Male,Food and beverages,51.71,7,43.08,780.18,2021-05-02,9:06,CASH,900.07,4.76,28.66,6.4,43.0,0.0,35.0,57,Poor,Juice
453-65-2816,A,Mandalay,Normal,male,Health and beauty,52.66,3,15.83,580.55,2021-07-02,10:11,cash,397.35,4.76,29.02,7.3,,12.92,,32,very good,Face Wash
390-96-8972,B,Naypyitaw,Member,FEMALE,Electronic accessories,11.96,9,28.02,665.87,2021-07-02,13:45,cash,315.93,4.76,25.04,9.0,,0.0,9.0,35,Excellent,Power Bank
639-95-6053,C,Yangon,Member,Male,Fashion accessories,24.95,7,12.97,765.65,2021-04-02,10:05,Cash,715.73,4.76,31.37,4.7,29.0,0.0,5.0,21,EXCELLENT,Belt
146-38-7475,C,Yangon,Member,Male,Sports and travel,23.72,6,16.62,213.46,2021-06-02,14:58,Credit card,578.13,4.76,28.8,,62.0,0.0,,6,EXCELLENT,Travel Pillow
713-17-1125,A,Naypyitaw,Member,male,Fashion accessories,73.23,7,6.11,134.43,2021-04-02,17:52,Credit card,696.28,4.76,5.2,5.1,63.0,0.0,,29,good,Scarf
309-48-4460,A,Naypyitaw,Normal,Male,Sports and travel,96.75,5,21.13,561.32,2021-04-02,13:34,Credit card,230.29,4.76,15.74,5.2,54.0,0.0,,92,Excellent,Sneakers
885-27-5186,B,Mandalay,Normal,male,Sports and travel,52.43,4,24.82,967.61,2021-01-09,17:40,cash,635.82,4.76,3.47,5.6,23.0,0.0,,50,Excellent,Tent
396-51-2965,C,Naypyitaw,Normal,Female,Home and lifestyle,87.38,9,45.69,340.54,2021-01-02,15:03,cash,132.85,4.76,28.99,6.0,,0.0,58.0,7,EXCELLENT,Cushion
107-73-8055,B,Naypyitaw,Normal,male,Electronic accessories,62.67,3,26.53,135.91,2021-01-07,9:48,CASH,159.64,4.76,36.58,7.8,,0.0,1.0,61,EXCELLENT,Mouse
279-26-7229,C,Naypyitaw,Member,Female,Fashion accessories,28.12,10,28.1,640.71,2021-01-08,17:00,Credit card,885.75,4.76,26.93,5.5,31.0,0.96,2.0,68,Good,Belt
645-39-9196,C,Naypyitaw,Member,Female,Sports and travel,61.25,1,36.52,768.74,2021-09-02,10:30,cash,773.97,4.76,41.37,8.1,,0.0,,98,good,Backpack
672-95-6802,A,Mandalay,Normal,male,Fashion accessories,85.05,5,2.76,863.18,2021-01-03,18:33,Credit card,194.72,4.76,44.79,9.4,,0.0,,43,Poor,Sunglasses
173-60-1693,B,Mandalay,Normal,male,Sports and travel,14.58,3,22.57,370.15,2021-01-04,15:30,cash,207.84,4.76,48.75,,,0.0,,37,very good,Sneakers
546-12-8532,C,Naypyitaw,Member,male,Electronic accessories,10.71,8,47.7,393.39,2021-01-01,20:31,cash,45.74,4.76,20.26,,28.0,0.0,26.0,94,good,Power Bank
179-50-8033,A,Yangon,Normal,FEMALE,Food and beverages,66.74,5,,210.12,2021-02-02,17:08,CASH,664.96,4.76,48.14,8.9,,0.0,54.0,69,good,Tea
687-61-7843,C,Mandalay,Member,Male,Food and beverages,74.18,4,14.24,,2021-01-08,12:55,Credit card,71.83,4.76,31.64,4.9,25.0,0.0,56.0,24,EXCELLENT,Biscuits
396-24-7636,A,Yangon,Normal,male,Health and beauty,98.15,4,15.72,345.0,2021-01-06,10:11,Credit card,180.05,4.76,41.85,9.3,,0.0,16.0,25,Good,Face Wash
121-51-3815,A,Mandalay,Member,Female,Electronic accessories,86.38,1,3.93,660.19,2021-01-02,18:38,Ewallet,262.7,4.76,39.49,7.6,54.0,22.74,51.0,1,Poor,Mouse
920-89-8538,A,Mandalay,Member,Female,Electronic accessories,76.34,10,19.81,581.93,2021-08-02,14:28,Credit card,229.6,4.76,49.0,9.6,,0.0,44.0,73,good,Charger
951-98-6928,B,Naypyitaw,Normal,male,Home and lifestyle,63.63,3,,637.55,2021-01-09,9:59,Ewallet,924.77,4.76,14.65,5.3,,0.0,,47,very good,Table Cover
190-65-2734,A,Mandalay,Normal,Male,Sports and travel,59.89,7,22.76,138.7,2021-04-02,13:28,cash,288.89,4.76,14.18,4.1,,0.0,,64,very good,Water Bottle
349-65-7560,A,Mandalay,Member,Male,Food and beverages,36.17,3,19.59,918.96,2021-01-06,11:45,Credit card,476.75,4.76,22.42,5.6,35.0,0.0,40.0,63,EXCELLENT,Biscuits
636-20-7484,C,Mandalay,Normal,Male,Home and lifestyle,53.87,2,27.09,859.6,2021-04-02,15:50,CASH,500.19,4.76,23.0,8.9,31.0,14.7,27.0,18,EXCELLENT,Table Cover
991-49-6562,A,Naypyitaw,Normal,Female,Health and beauty,53.75,8,2.53,373.16,2021-07-02,13:54,cash,839.58,4.76,47.58,4.4,60.0,0.0,44.0,30,good,Face Wash
326-52-3754,C,Naypyitaw,Normal,male,Food and beverages,63.19,1,46.92,176.38,2021-01-06,11:40,Credit card,740.69,4.76,25.7,7.9,,9.44,,88,Good,Tea
178-75-2868,C,Naypyitaw,Normal,male,Sports and travel,65.03,9,37.97,852.76,2021-01-01,15:04,cash,674.02,4.76,6.75,4.8,61.0,0.0,6.0,71,Poor,Travel Pillow
643-75-4176,B,Mandalay,Normal,male,Health and beauty,71.08,10,41.58,882.64,2021-01-05,11:46,cash,132.96,4.76,29.13,5.5,,20.01,21.0,27,Excellent,Shampoo
894-54-6752,A,Yangon,Member,Female,Health and beauty,83.5,3,37.91,632.75,2021-01-03,10:58,CASH,463.37,4.76,26.86,9.1,,0.14,,50,Excellent,Face Wash
844-92-3419,A,Yangon,Normal,male,Sports and travel,53.91,7,2.34,357.64,2021-01-03,11:03,CASH,595.8,4.76,16.61,5.9,54.0,0.0,14.0,68,Good,Water Bottle
341-23-3399,C,Naypyitaw,Normal,Female,Fashion accessories,74.29,2,31.45,834.83,2021-03-02,12:33,cash,171.15,4.76,22.15,5.3,,0.0,33.0,90,Poor,Sunglasses
362-35-3842,B,Yangon,Normal,Female,Home and lifestyle,57.55,8,39.35,197.26,2021-01-02,13:14,Cash,729.52,4.76,8.25,5.5,22.0,0.0,46.0,82,Excellent,Table Cover
716-29-2234,A,Yangon,Member,Male,Sports and travel,47.98,10,37.87,75.04,2021-01-04,20:48,cash,571.08,4.76,42.93,8.2,,0.0,22.0,1,Poor,Tent
281-90-9095,B,Naypyitaw,Normal,male,Electronic accessories,38.43,7,28.11,710.33,2021-04-02,16:21,Ewallet,576.54,4.76,9.24,8.7,,3.3,,54,Excellent,Keyboard
575-82-8354,C,Mandalay,Member,male,Food and beverages,15.72,2,46.69,881.38,2021-01-05,12:27,Credit card,593.93,4.76,49.9,5.7,,0.0,,6,Good,Juice
797-82-6295,A,Naypyitaw,Normal,FEMALE,Sports and travel,90.36,7,49.55,820.95,2021-03-02,14:44,Ewallet,559.34,4.76,10.77,,24.0,0.0,,11,Excellent,Backpack
984-90-6179,B,Mandalay,Member,Male,Fashion accessories,47.54,8,21.77,331.95,2021-01-07,18:46,Cash,514.7,4.76,36.62,6.4,18.0,0.0,,33,EXCELLENT,Scarf
254-66-2118,A,Naypyitaw,Normal,Female,Food and beverages,52.6,2,38.68,864.65,2021-01-06,15:55,Ewallet,629.55,4.76,34.63,9.0,,0.0,,42,Excellent,Coffee
580-66-5961,A,Yangon,Member,Male,Electronic accessories,54.53,2,48.05,467.0,2021-01-07,17:03,Credit card,502.59,4.76,37.38,7.3,,0.69,,57,Excellent,Headphones
915-45-1920,B,Naypyitaw,Member,FEMALE,Electronic accessories,94.51,9,49.64,998.45,2021-01-03,16:35,Credit card,213.23,4.76,43.44,9.2,,0.0,,76,EXCELLENT,Keyboard
460-74-2215,A,Yangon,Normal,Male,Electronic accessories,41.21,10,45.48,226.76,2021-01-03,14:52,Credit card,706.53,4.76,18.6,10.0,,0.0,,19,good,Charger
417-69-8404,C,Naypyitaw,Normal,Male,Sports and travel,72.78,10,34.45,429.64,2021-01-07,19:10,Cash,48.31,4.76,17.11,6.2,51.0,0.0,35.0,29,Excellent,Tent
138-17-7041,A,Mandalay,Normal,FEMALE,Home and lifestyle,11.87,2,49.94,907.23,2021-09-02,14:16,CASH,231.79,4.76,44.05,6.4,,0.0,0.0,17,Poor,Table Cover
951-46-2257,A,Mandalay,Member,Male,Food and beverages,35.92,3,15.5,298.42,2021-01-08,17:11,Cash,427.43,4.76,38.31,5.2,,4.18,30.0,51,Excellent,Snacks
760-21-9307,B,Mandalay,Normal,Male,Sports and travel,27.3,7,2.89,395.77,2021-01-08,13:08,CASH,407.04,4.76,1.1,6.6,,0.0,42.0,62,Poor,Travel Pillow
493-69-1672,B,Mandalay,Member,FEMALE,Health and beauty,40.95,3,14.17,459.75,2021-05-02,10:42,Credit card,708.5,4.76,2.01,8.8,,0.0,,9,Excellent,Face Wash
560-83-4084,B,Mandalay,Normal,FEMALE,Home and lifestyle,30.89,2,33.0,929.23,2021-01-05,17:44,CASH,715.52,4.76,27.88,7.7,33.0,0.0,,34,good,Table Cover
429-87-8792,A,Mandalay,Member,Female,Food and beverages,29.77,9,1.6,563.35,2021-07-02,12:32,Credit card,679.73,4.76,19.47,5.7,,0.0,,94,good,Snacks
613-29-2013,B,Naypyitaw,Normal,FEMALE,Home and lifestyle,91.82,1,33.38,708.54,2021-09-02,14:56,CASH,87.4,4.76,39.87,,30.0,0.0,13.0,84,Good,Lamp
561-23-6626,A,Yangon,Normal,male,Sports and travel,40.52,9,42.53,836.08,2021-01-02,13:23,Cash,350.01,4.76,37.45,5.9,50.0,0.0,7.0,68,Good,Water Bottle
831-20-9266,C,Naypyitaw,Member,male,Food and beverages,64.19,9,1.85,805.78,2021-01-01,13:03,Credit card,210.97,4.76,49.71,9.8,37.0,0.0,54.0,43,Poor,Tea
761-32-1641,C,Naypyitaw,Member,male,Fashion accessories,85.82,9,,141.79,2021-08-02,9:43,Ewallet,178.39,4.76,23.22,8.0,,22.75,,64,good,Handbag
353-66-8199,A,Naypyitaw,Normal,Female,Sports and travel,69.13,9,,986.23,2021-01-03,15:16,cash,339.73,4.76,30.09,8.5,31.0,0.0,,90,Excellent,Water Bottle
636-76-3600,A,Yangon,Normal,Male,Electronic accessories,21.8,2,32.25,558.59,2021-01-09,13:41,CASH,530.45,4.76,31.0,5.1,,0.0,60.0,12,very good,Mouse
472-57-5634,C,Mandalay,Normal,FEMALE,Health and beauty,36.41,4,21.02,834.98,2021-01-04,14:18,Ewallet,203.47,4.76,1.16,5.1,,0.0,,79,EXCELLENT,Shampoo
496-62-6543,C,Naypyitaw,Member,Female,Health and beauty,74.02,2,4.9,380.93,2021-01-04,19:29,Credit card,118.65,4.76,26.53,7.4,62.0,0.0,,81,good,Shampoo
795-86-1857,A,Naypyitaw,Normal,Male,Electronic accessories,96.38,10,28.02,977.67,2021-01-06,14:47,Credit card,326.02,4.76,38.64,6.3,,0.0,16.0,58,Excellent,Keyboard
908-90-6482,C,Yangon,Member,FEMALE,Home and lifestyle,84.98,1,22.58,262.77,2021-05-02,11:55,CASH,72.7,4.76,28.84,9.8,,0.0,,0,Poor,Chair
167-52-2548,C,Naypyitaw,Member,Male,Home and lifestyle,70.58,6,39.55,844.78,2021-01-09,12:54,cash,774.84,4.76,5.41,7.4,31.0,0.0,,12,Poor,Table Cover
671-96-7333,A,Naypyitaw,Normal,FEMALE,Fashion accessories,76.11,3,25.25,465.98,2021-07-02,10:07,cash,278.54,4.76,13.35,5.1,,0.0,19.0,46,very good,Sunglasses
390-42-3463,B,Naypyitaw,Member,male,Fashion accessories,81.64,3,9.55,111.42,2021-01-04,11:12,Credit card,845.39,4.76,20.9,7.7,38.0,12.03,,5,Excellent,Belt
441-20-3317,B,Mandalay,Member,FEMALE,Sports and travel,81.98,5,33.14,71.01,2021-01-02,11:59,cash,857.21,4.76,1.13,9.3,,0.0,37.0,92,EXCELLENT,Sneakers
458-49-7421,C,Naypyitaw,Member,FEMALE,Health and beauty,86.01,1,33.08,667.76,2021-02-02,20:28,Ewallet,535.85,4.76,29.4,8.9,,0.0,,13,Poor,Soap
232-86-2388,A,Mandalay,Normal,Female,Fashion accessories,65.97,2,25.83,502.8,2021-02-02,13:49,Cash,31.76,4.76,42.94,8.4,,0.0,47.0,72,very good,Handbag
417-81-7171,C,Naypyitaw,Member,Female,Fashion accessories,35.42,6,16.55,110.59,2021-03-02,17:39,Ewallet,356.86,4.76,5.52,8.4,,0.0,,55,Excellent,Handbag
758-52-3093,C,Mandalay,Member,Female,Home and lifestyle,77.43,3,12.17,957.0,2021-01-06,20:46,Cash,663.98,4.76,28.82,5.9,55.0,11.41,,63,EXCELLENT,Curtain
786-99-9624,A,Yangon,Member,male,Sports and travel,70.04,1,49.61,289.41,2021-01-01,16:43,cash,880.91,4.76,37.33,6.9,,0.0,52.0,77,good,Water Bottle
195-92-7937,B,Naypyitaw,Member,male,Electronic accessories,21.62,1,1.79,76.2,2021-02-02,18:46,Credit card,805.06,4.76,8.46,7.3,37.0,0.0,,61,Poor,Keyboard
620-56-1298,C,Naypyitaw,Normal,FEMALE,Sports and travel,27.95,9,42.62,459.29,2021-01-03,10:28,Ewallet,596.67,4.76,12.52,7.0,,0.0,8.0,85,Excellent,Water Bottle
471-49-3953,C,Yangon,Member,Female,Fashion accessories,64.52,5,3.19,176.69,2021-01-04,16:57,Ewallet,637.19,4.76,34.59,6.2,,0.0,,16,very good,Scarf
319-53-8967,B,Mandalay,Member,male,Fashion accessories,19.08,8,6.35,678.71,2021-09-02,15:48,Credit card,549.39,4.76,10.88,4.1,,0.0,51.0,3,very good,Watch
296-38-3253,A,Yangon,Member,male,Electronic accessories,47.44,8,6.55,712.35,2021-01-01,12:15,CASH,592.55,4.76,23.38,5.5,,0.0,55.0,79,Excellent,Keyboard
258-19-5846,A,Mandalay,Member,FEMALE,Health and beauty,99.44,9,11.0,270.94,2021-06-02,19:18,Cash,84.87,4.76,41.75,7.1,52.0,0.0,52.0,16,Poor,Shampoo
964-22-9317,A,Yangon,Normal,FEMALE,Health and beauty,37.33,6,41.63,532.56,2021-09-02,19:41,Credit card,396.26,4.76,33.99,5.5,58.0,0.0,53.0,44,good,Lotion
889-79-9626,A,Naypyitaw,Member,Male,Home and lifestyle,28.85,9,4.5,777.99,2021-01-05,19:47,Ewallet,671.71,4.76,47.31,5.5,,0.0,,9,EXCELLENT,Curtain
138-94-6517,A,Mandalay,Member,Male,Sports and travel,14.23,2,14.87,607.53,2021-01-02,11:31,cash,180.89,4.76,29.28,7.6,,0.0,,73,very good,Water Bottle
997-89-3147,C,Naypyitaw,Normal,FEMALE,Health and beauty,11.63,1,,972.34,2021-08-02,11:01,Cash,450.8,4.76,23.53,9.9,,7.79,,16,EXCELLENT,Face Wash
711-58-3527,C,Naypyitaw,Normal,Male,Food and beverages,89.28,4,18.65,766.74,2021-01-08,12:55,Credit card,431.26,4.76,36.1,4.9,45.0,0.0,,5,Good,Biscuits
266-33-3712,B,Yangon,Normal,male,Fashion accessories,42.13,4,44.97,785.89,2021-03-02,17:34,Cash,254.54,4.76,3.19,4.1,50.0,23.95,,15,Excellent,Sunglasses
838-66-1715,B,Naypyitaw,Normal,FEMALE,Home and lifestyle,24.27,10,47.18,110.45,2021-01-02,15:43,Credit card,238.97,4.76,1.44,,49.0,18.77,,71,Excellent,Table Cover
520-56-4891,B,Mandalay,Normal,FEMALE,Food and beverages,84.52,10,2.53,203.15,2021-01-07,11:52,CASH,806.33,4.76,39.96,,36.0,0.0,,19,Good,Biscuits
554-88-5668,B,Naypyitaw,Normal,Female,Sports and travel,90.5,3,15.25,980.79,2021-07-02,10:57,CASH,943.51,4.76,17.51,7.9,,0.0,,70,Excellent,Water Bottle
870-67-4833,A,Yangon,Member,male,Food and beverages,12.88,7,29.97,990.11,2021-01-01,16:22,Ewallet,220.26,4.76,27.62,6.8,,0.0,,92,Poor,Biscuits
646-40-6070,A,Yangon,Normal,male,Sports and travel,15.73,5,11.36,78.01,2021-01-01,20:00,Ewallet,832.31,4.76,42.29,9.0,20.0,0.0,,92,Poor,Backpack
928-70-4178,B,Mandalay,Normal,Female,Home and lifestyle,48.76,3,36.07,742.23,2021-06-02,19:34,Ewallet,590.66,4.76,5.03,9.7,,10.32,2.0,45,very good,Chair
476-96-8218,C,Yangon,Member,Male,Fashion accessories,65.58,2,39.39,139.45,2021-06-02,9:51,cash,384.54,4.76,42.87,5.8,60.0,0.0,57.0,16,Poor,Scarf
572-46-7256,A,Naypyitaw,Member,FEMALE,Fashion accessories,20.86,7,47.06,715.88,2021-03-02,10:38,Cash,756.44,4.76,45.58,5.4,25.0,0.0,27.0,30,Poor,Scarf
614-77-7859,A,Mandalay,Member,Male,Sports and travel,30.17,3,29.55,814.67,2021-01-07,15:15,Credit card,912.96,4.76,21.84,,,0.0,43.0,29,very good,Tent
265-35-3267,C,Mandalay,Normal,male,Fashion accessories,33.2,2,8.35,500.69,2021-03-02,9:16,Credit card,227.33,4.76,50.0,9.6,,0.0,31.0,90,Good,Handbag
993-42-1854,C,Mandalay,Normal,Male,Health and beauty,40.63,5,32.81,223.84,2021-04-02,14:45,Credit card,474.96,4.76,20.04,,25.0,0.0,40.0,19,Good,Face Wash
756-71-7081,C,Mandalay,Member,male,Home and lifestyle,41.97,4,47.97,218.54,2021-01-02,19:12,Ewallet,858.12,4.76,2.99,4.1,,0.0,,72,very good,Lamp
667-23-9452,C,Mandalay,Normal,FEMALE,Food and beverages,14.2,10,28.7,289.41,2021-03-02,9:24,Cash,106.64,4.76,2.13,7.4,,0.0,39.0,57,Poor,Tea
971-25-5670,C,Naypyitaw,Normal,FEMALE,Fashion accessories,88.99,9,31.89,297.48,2021-01-01,18:50,cash,339.32,4.76,30.24,9.4,23.0,0.0,17.0,0,good,Scarf
185-30-5469,B,Mandalay,Member,FEMALE,Food and beverages,34.07,7,27.41,383.64,2021-01-02,12:20,CASH,134.92,4.76,42.22,6.8,31.0,12.47,,34,very good,Juice
560-75-3414,C,Mandalay,Normal,Female,Health and beauty,23.61,6,44.05,127.49,2021-04-02,20:34,cash,610.62,4.76,29.88,,21.0,0.0,30.0,73,EXCELLENT,Soap
950-65-2502,A,Yangon,Member,Female,Home and lifestyle,72.11,7,30.75,139.33,2021-08-02,17:53,Ewallet,528.94,4.76,14.59,6.6,56.0,0.0,46.0,82,Poor,Lamp
327-67-6727,C,Mandalay,Normal,Female,Electronic accessories,56.38,10,26.5,885.34,2021-01-01,11:17,cash,776.42,4.76,11.74,8.0,,0.0,36.0,25,Excellent,Keyboard
127-63-1872,B,Yangon,Normal,FEMALE,Food and beverages,70.25,5,10.56,579.27,2021-01-03,18:57,Ewallet,790.98,4.76,22.29,8.5,,4.21,53.0,96,very good,Biscuits
505-74-7126,A,Naypyitaw,Member,FEMALE,Health and beauty,73.58,2,45.64,140.72,2021-01-05,12:21,Cash,400.29,4.76,44.63,8.2,44.0,0.0,,61,good,Shampoo
341-59-2337,C,Naypyitaw,Member,Male,Electronic accessories,93.4,7,40.15,,2021-01-07,12:56,Cash,395.84,4.76,36.43,4.1,40.0,0.0,,74,Poor,Keyboard
483-38-1461,C,Naypyitaw,Member,male,Home and lifestyle,49.4,2,12.31,61.95,2021-01-09,13:00,Cash,126.37,4.76,12.97,8.3,28.0,0.0,,43,Excellent,Chair
426-22-6493,C,Naypyitaw,Normal,Female,Sports and travel,51.14,6,48.65,340.95,2021-01-05,9:54,CASH,429.33,4.76,22.84,7.1,29.0,21.57,5.0,64,Good,Travel Pillow
910-28-3254,A,Yangon,Member,FEMALE,Fashion accessories,85.74,3,22.81,589.67,2021-08-02,20:50,Cash,310.33,4.76,46.55,9.0,65.0,0.0,20.0,20,Good,Handbag
139-46-8740,C,Mandalay,Normal,FEMALE,Electronic accessories,19.98,4,21.09,115.92,2021-01-04,19:47,cash,744.81,4.76,26.65,,,0.0,43.0,75,very good,Charger
812-27-8685,B,Yangon,Normal,male,Home and lifestyle,19.53,2,28.46,654.66,2021-01-07,10:32,CASH,30.75,4.76,5.17,10.0,26.0,0.0,,13,Poor,Lamp
559-88-1086,B,Naypyitaw,Normal,Female,Electronic accessories,64.95,4,18.75,558.45,2021-01-07,10:45,Credit card,98.43,4.76,5.53,9.7,36.0,0.0,59.0,43,Poor,Headphones
181-12-5193,C,Yangon,Member,Female,Health and beauty,80.39,2,12.29,142.12,2021-01-03,15:28,Ewallet,172.65,4.76,30.6,9.7,,0.0,17.0,68,EXCELLENT,Soap
320-29-9991,A,Naypyitaw,Normal,Male,Home and lifestyle,95.26,2,12.26,196.94,2021-01-07,16:32,Ewallet,495.37,4.76,32.64,7.7,63.0,0.0,,80,good,Curtain
844-87-9647,A,Mandalay,Member,FEMALE,Home and lifestyle,84.12,5,49.35,218.08,2021-05-02,13:32,Cash,174.3,4.76,35.02,9.6,55.0,0.0,,47,EXCELLENT,Cushion
533-24-5720,B,Naypyitaw,Normal,Male,Sports and travel,13.78,8,13.0,853.67,2021-01-05,10:53,Cash,858.06,4.76,17.16,9.0,51.0,0.0,45.0,41,EXCELLENT,Tent
343-48-2996,B,Mandalay,Normal,FEMALE,Fashion accessories,19.49,6,34.03,531.96,2021-01-04,15:22,Credit card,689.54,4.76,7.93,9.8,45.0,0.0,33.0,15,EXCELLENT,Watch
148-40-7878,A,Mandalay,Normal,male,Home and lifestyle,66.69,5,30.67,472.85,2021-09-02,11:17,CASH,170.17,4.76,29.09,7.9,56.0,19.65,,9,very good,Chair
754-89-8489,A,Yangon,Normal,Male,Health and beauty,88.38,10,17.74,938.53,2021-02-02,13:16,cash,649.18,4.76,40.44,6.4,,0.0,27.0,54,Excellent,Soap
164-24-9189,B,Yangon,Member,FEMALE,Home and lifestyle,91.99,1,21.02,803.97,2021-02-02,19:23,Cash,811.22,4.76,8.35,4.0,,0.0,,27,EXCELLENT,Chair
711-78-1269,C,Yangon,Normal,Female,Home and lifestyle,24.13,7,8.27,937.54,2021-07-02,13:16,CASH,702.6,4.76,1.89,6.2,,0.0,,77,Good,Cushion
747-75-4963,C,Yangon,Normal,male,Food and beverages,36.29,9,44.19,152.39,2021-03-02,15:03,Credit card,235.9,4.76,32.16,4.0,55.0,0.0,50.0,82,Good,Juice
835-28-5772,A,Mandalay,Member,FEMALE,Fashion accessories,49.74,7,9.82,610.6,2021-01-06,17:13,Credit card,855.89,4.76,40.44,6.5,45.0,0.0,27.0,56,EXCELLENT,Handbag
539-10-6780,C,Mandalay,Normal,Male,Health and beauty,55.53,3,9.17,144.74,2021-01-03,17:56,Ewallet,454.2,4.76,33.57,6.6,40.0,0.0,,10,Excellent,Shampoo
346-83-7825,A,Naypyitaw,Normal,Male,Food and beverages,75.93,9,38.51,197.49,2021-01-06,14:44,Ewallet,582.08,4.76,4.35,6.9,31.0,7.21,17.0,36,good,Coffee
291-95-2402,B,Mandalay,Normal,FEMALE,Electronic accessories,18.94,3,24.02,370.53,2021-01-05,10:30,Credit card,817.65,4.76,10.97,7.9,41.0,0.0,22.0,76,Good,Keyboard
636-56-2108,B,Yangon,Normal,male,Fashion accessories,68.24,10,43.6,675.56,2021-08-02,18:39,Credit card,516.09,4.76,38.37,9.8,,0.0,4.0,21,very good,Scarf
638-79-9312,A,Mandalay,Normal,FEMALE,Electronic accessories,40.11,1,2.17,794.86,2021-07-02,12:28,Ewallet,329.34,4.76,14.61,9.1,,0.0,49.0,2,good,Power Bank
905-74-1333,B,Naypyitaw,Normal,Male,Health and beauty,22.4,6,4.58,685.27,2021-01-05,20:50,cash,892.86,4.76,21.14,8.8,,0.0,,100,EXCELLENT,Toothpaste
499-70-1713,C,Yangon,Member,Male,Food and beverages,86.37,4,26.94,283.91,2021-02-02,17:06,CASH,707.38,4.76,22.88,5.5,42.0,0.0,39.0,59,Poor,Tea
750-59-7116,B,Yangon,Member,Female,Electronic accessories,49.52,7,21.7,962.37,2021-01-04,9:41,cash,674.29,4.76,19.38,5.9,26.0,0.0,28.0,42,Excellent,Power Bank
359-12-6850,B,Mandalay,Member,Female,Food and beverages,47.42,3,35.15,804.35,2021-01-05,19:41,Credit card,403.58,4.76,29.16,7.9,43.0,9.32,,58,Good,Juice
907-18-6649,C,Mandalay,Member,Male,Home and lifestyle,79.21,6,15.38,105.69,2021-01-02,20:42,Credit card,854.0,4.76,30.26,7.7,19.0,0.0,,38,good,Curtain
346-94-2698,C,Naypyitaw,Normal,Female,Home and lifestyle,32.08,9,41.41,506.4,2021-01-01,14:15,cash,483.57,4.76,14.89,4.6,,0.0,,89,very good,Curtain
890-84-6447,A,Yangon,Member,Female,Fashion accessories,82.82,7,30.83,676.68,2021-01-05,19:38,Cash,117.37,4.76,44.64,,,0.0,,14,Poor,Sunglasses
236-15-6772,B,Mandalay,Normal,FEMALE,Home and lifestyle,40.72,4,36.39,611.58,2021-04-02,10:09,Cash,69.97,4.76,14.39,5.2,,0.0,,39,Excellent,Table Cover
659-53-3868,A,Naypyitaw,Normal,male,Home and lifestyle,55.45,2,46.12,136.41,2021-09-02,17:29,cash,725.08,4.76,20.82,7.0,23.0,0.0,,23,Excellent,Lamp
950-97-8612,A,Yangon,Member,FEMALE,Fashion accessories,17.67,7,45.62,916.27,2021-02-02,17:32,Ewallet,695.48,4.76,22.64,4.4,59.0,27.43,,38,very good,Handbag
812-71-3986,C,Yangon,Member,FEMALE,Fashion accessories,43.52,2,37.29,717.1,2021-01-04,19:16,Ewallet,789.48,4.76,36.09,8.5,,0.0,5.0,71,Excellent,Watch
930-27-2033,A,Mandalay,Member,Female,Fashion accessories,77.94,2,38.13,769.08,2021-02-02,17:47,Cash,183.68,4.76,5.68,5.1,18.0,0.0,36.0,59,Good,Sunglasses
833-68-1605,A,Mandalay,Normal,Female,Home and lifestyle,42.46,2,36.94,318.43,2021-01-09,15:51,CASH,614.02,4.76,27.98,,50.0,0.0,,30,Good,Curtain
400-35-1717,B,Yangon,Member,male,Health and beauty,69.85,1,29.89,775.35,2021-01-09,18:36,cash,889.59,4.76,14.08,9.0,29.0,28.43,11.0,74,very good,Soap
910-35-1686,A,Yangon,Member,male,Food and beverages,23.65,5,25.96,645.02,2021-01-04,18:27,Credit card,510.83,4.76,32.55,7.5,20.0,6.46,,52,very good,Biscuits
423-49-9444,A,Naypyitaw,Normal,male,Food and beverages,77.82,8,1.38,408.21,2021-01-08,18:33,Ewallet,817.8,4.76,1.79,7.5,,0.0,33.0,20,Poor,Biscuits
507-79-8756,A,Yangon,Normal,FEMALE,Home and lifestyle,47.95,1,34.02,516.68,2021-01-07,17:49,Ewallet,778.16,4.76,7.82,5.2,18.0,15.93,,49,Good,Table Cover
359-14-4131,B,Mandalay,Member,male,Electronic accessories,30.54,7,16.7,509.9,2021-01-01,11:56,cash,257.57,4.76,38.73,5.1,,0.0,,16,Excellent,Mouse
392-55-1783,C,Yangon,Normal,Male,Health and beauty,82.16,3,36.4,522.73,2021-02-02,20:38,cash,99.06,4.76,45.6,8.9,61.0,9.26,30.0,44,good,Toothpaste
986-93-6438,B,Yangon,Normal,Male,Electronic accessories,47.21,9,38.88,322.83,2021-01-06,9:19,cash,147.24,4.76,34.75,5.9,24.0,0.0,,76,good,Power Bank
379-25-7029,C,Naypyitaw,Normal,FEMALE,Food and beverages,46.84,9,25.17,102.36,2021-09-02,14:30,Ewallet,588.16,4.76,8.46,5.7,,19.73,36.0,10,EXCELLENT,Snacks
547-61-8204,C,Mandalay,Normal,Female,Home and lifestyle,51.29,7,,228.67,2021-01-09,18:44,CASH,910.0,4.76,7.75,8.7,18.0,0.0,,66,Excellent,Cushion
495-53-4060,C,Naypyitaw,Member,male,Home and lifestyle,86.72,4,26.73,897.49,2021-01-01,11:53,cash,137.44,4.76,11.9,4.2,,0.0,,69,Poor,Curtain
608-98-9151,B,Mandalay,Normal,Male,Sports and travel,81.51,1,46.47,592.71,2021-01-01,16:06,cash,874.76,4.76,22.89,7.2,,0.0,,30,very good,Sneakers
476-76-5369,B,Mandalay,Member,male,Sports and travel,42.56,9,19.82,347.97,2021-01-06,13:53,Credit card,669.21,4.76,46.2,8.6,25.0,12.02,,88,very good,Backpack
920-20-7955,C,Mandalay,Member,Male,Home and lifestyle,12.68,4,47.72,76.56,2021-01-09,16:43,cash,354.16,4.76,15.16,4.4,,0.0,12.0,8,Good,Curtain
180-65-3956,B,Mandalay,Member,Male,Electronic accessories,23.1,9,,415.66,2021-07-02,11:16,Ewallet,575.95,4.76,1.06,4.0,,4.34,,22,Excellent,Keyboard
658-47-6262,A,Mandalay,Member,male,Health and beauty,10.9,1,44.24,560.88,2021-08-02,15:14,Ewallet,563.19,4.76,48.09,6.5,,0.0,4.0,38,good,Lotion
205-20-6372,C,Yangon,Normal,Male,Electronic accessories,82.56,3,22.1,699.96,2021-02-02,9:51,cash,520.58,4.76,20.16,,,0.0,,83,Excellent,Charger
776-47-6021,C,Yangon,Normal,male,Electronic accessories,94.93,9,44.1,532.96,2021-04-02,10:55,Cash,257.19,4.76,2.65,4.4,,0.0,,73,Excellent,Charger
556-87-7981,C,Naypyitaw,Member,Male,Food and beverages,17.63,3,18.02,533.31,2021-01-06,20:38,Cash,667.36,4.76,17.99,4.2,,0.0,23.0,60,Excellent,Tea
270-98-8272,C,Yangon,Normal,Female,Electronic accessories,38.33,3,15.1,92.48,2021-02-02,17:47,Credit card,351.95,4.76,44.47,7.3,52.0,0.0,25.0,93,EXCELLENT,Charger
459-67-1693,A,Naypyitaw,Normal,FEMALE,Electronic accessories,98.38,1,11.96,484.37,2021-02-02,15:45,Cash,487.68,4.76,25.35,6.1,48.0,0.0,6.0,57,EXCELLENT,Mouse
844-55-8126,B,Mandalay,Normal,FEMALE,Food and beverages,24.79,7,47.02,260.49,2021-09-02,13:11,Cash,705.67,4.76,34.75,5.4,,0.0,20.0,30,very good,Snacks
381-91-1939,A,Yangon,Normal,male,Food and beverages,15.53,2,30.7,728.33,2021-04-02,13:08,Credit card,45.31,4.76,45.34,9.2,40.0,0.0,17.0,97,good,Coffee
176-95-7655,B,Mandalay,Normal,FEMALE,Fashion accessories,78.33,4,12.35,592.59,2021-08-02,12:53,Ewallet,688.9,4.76,23.91,4.5,,0.0,,82,Poor,Handbag
472-75-3621,A,Naypyitaw,Normal,FEMALE,Food and beverages,69.42,2,5.7,92.97,2021-03-02,17:41,cash,703.33,4.76,39.69,5.2,,0.0,,55,Poor,Biscuits
131-28-8179,C,Yangon,Normal,FEMALE,Food and beverages,67.73,8,25.93,905.3,2021-01-04,12:37,CASH,675.38,4.76,18.57,7.6,20.0,0.0,,90,very good,Tea
135-26-2101,A,Yangon,Member,FEMALE,Fashion accessories,91.23,4,30.32,325.92,2021-01-04,16:10,Cash,376.72,4.76,48.58,,,0.0,57.0,59,Excellent,Sunglasses
341-92-7001,A,Naypyitaw,Normal,Female,Food and beverages,15.2,10,,676.61,2021-04-02,17:15,Cash,670.26,4.76,21.17,7.1,32.0,0.0,2.0,61,Good,Snacks
470-59-1530,C,Yangon,Member,Female,Fashion accessories,66.84,5,27.36,364.21,2021-06-02,12:36,Credit card,786.22,4.76,8.83,7.3,,0.0,31.0,21,Poor,Scarf
719-29-8371,B,Naypyitaw,Normal,FEMALE,Health and beauty,74.2,9,24.93,420.42,2021-01-07,10:09,Credit card,521.16,4.76,46.6,,33.0,0.0,59.0,96,Good,Shampoo
479-57-8273,B,Naypyitaw,Member,Female,Sports and travel,69.43,1,19.11,921.7,2021-01-02,10:41,CASH,732.62,4.76,17.88,4.6,,15.64,,33,very good,Sneakers
881-19-3255,C,Yangon,Member,Female,Sports and travel,56.78,10,47.45,198.13,2021-09-02,19:35,Cash,592.7,4.76,23.27,6.7,,0.0,,38,Excellent,Sneakers
642-56-7521,C,Yangon,Normal,FEMALE,Health and beauty,36.62,1,22.8,640.68,2021-01-01,16:01,Cash,355.59,4.76,1.41,8.8,38.0,0.0,3.0,24,very good,Toothpaste
421-93-5566,C,Naypyitaw,Normal,male,Health and beauty,46.18,10,23.24,926.07,2021-04-02,15:58,Cash,793.08,4.76,5.27,6.2,,0.0,,81,Poor,Toothpaste
355-24-1424,C,Mandalay,Normal,FEMALE,Electronic accessories,71.28,5,36.1,724.66,2021-07-02,11:56,Ewallet,157.3,4.76,31.37,4.7,,11.18,25.0,39,Excellent,Mouse
853-33-9176,C,Mandalay,Normal,Female,Health and beauty,59.82,1,6.88,344.25,2021-01-01,18:13,cash,442.36,4.76,49.63,7.9,18.0,2.54,,25,Excellent,Soap
630-59-2929,A,Yangon,Normal,male,Sports and travel,37.39,3,25.17,670.67,2021-03-02,11:33,Ewallet,313.4,4.76,28.44,4.0,,0.0,,80,Poor,Tent
368-43-8311,B,Yangon,Member,Female,Home and lifestyle,76.84,1,7.7,438.74,2021-01-01,17:59,Ewallet,496.65,4.76,7.83,7.5,58.0,0.0,45.0,43,very good,Cushion
319-88-5678,C,Mandalay,Normal,Female,Home and lifestyle,91.83,8,33.77,,2021-01-01,9:45,Cash,550.26,4.76,35.36,8.8,,0.0,26.0,38,Poor,Lamp
810-72-4279,B,Naypyitaw,Normal,Male,Fashion accessories,10.71,9,40.38,408.28,2021-07-02,18:35,Credit card,906.23,4.76,6.25,5.9,56.0,14.51,,79,EXCELLENT,Belt
225-27-2213,C,Naypyitaw,Normal,Male,Home and lifestyle,35.18,3,11.9,230.02,2021-01-02,12:10,Ewallet,345.95,4.76,6.69,7.2,,0.0,51.0,59,very good,Table Cover
562-32-8292,A,Mandalay,Member,Male,Electronic accessories,57.5,8,8.68,290.75,2021-01-03,11:07,Credit card,235.63,4.76,21.51,10.0,,0.0,,66,very good,Mouse
189-97-6236,A,Yangon,Member,Female,Sports and travel,92.84,5,23.22,,2021-01-06,9:52,cash,281.0,4.76,4.4,9.5,,0.0,,63,EXCELLENT,Backpack
783-54-2063,A,Yangon,Normal,FEMALE,Food and beverages,73.03,7,33.93,89.71,2021-04-02,10:00,Ewallet,430.34,4.76,9.66,4.9,,0.0,56.0,21,Poor,Biscuits
663-79-5757,A,Yangon,Normal,FEMALE,Food and beverages,50.16,6,34.71,172.44,2021-01-06,11:14,Cash,615.54,4.76,31.95,,,0.0,,77,EXCELLENT,Juice
407-30-3852,B,Mandalay,Normal,Female,Home and lifestyle,28.46,3,2.88,117.0,2021-01-07,11:56,cash,732.88,4.76,17.04,8.1,57.0,0.0,,48,very good,Lamp
912-56-9335,A,Mandalay,Member,Male,Electronic accessories,59.0,5,35.55,200.98,2021-02-02,9:01,Cash,709.12,4.76,28.66,6.4,63.0,0.0,,46,good,Mouse
329-25-4292,B,Mandalay,Member,Female,Fashion accessories,80.95,8,10.33,113.18,2021-01-08,10:44,CASH,845.67,4.76,15.06,9.6,33.0,0.0,43.0,60,good,Handbag
911-27-4878,C,Naypyitaw,Member,FEMALE,Home and lifestyle,68.68,8,42.04,209.0,2021-09-02,17:24,Credit card,562.99,4.76,43.45,5.4,22.0,0.0,29.0,14,EXCELLENT,Lamp
909-73-1430,C,Naypyitaw,Normal,FEMALE,Health and beauty,72.77,6,47.51,957.55,2021-01-05,16:27,Ewallet,589.2,4.76,20.48,8.9,,28.8,55.0,43,EXCELLENT,Soap
469-80-7044,A,Naypyitaw,Member,FEMALE,Fashion accessories,89.89,1,13.05,710.27,2021-01-04,15:07,CASH,439.45,4.76,44.29,8.1,59.0,27.29,,51,EXCELLENT,Watch
578-80-3126,B,Naypyitaw,Normal,Female,Health and beauty,80.34,4,43.73,322.12,2021-01-09,9:58,Cash,607.21,4.76,3.98,9.8,36.0,0.0,,96,Poor,Toothpaste
726-21-2077,C,Mandalay,Normal,FEMALE,Electronic accessories,46.41,5,10.59,298.42,2021-01-06,9:32,Ewallet,161.3,4.76,30.48,8.0,53.0,0.0,,91,EXCELLENT,Headphones
416-60-8842,C,Mandalay,Normal,FEMALE,Electronic accessories,27.76,7,24.74,425.16,2021-01-08,19:38,cash,597.96,4.76,11.73,4.1,47.0,0.0,26.0,39,Poor,Headphones
638-62-7708,C,Naypyitaw,Normal,FEMALE,Fashion accessories,37.14,6,25.34,242.02,2021-01-07,19:55,CASH,419.21,4.76,13.96,4.9,,0.0,13.0,28,EXCELLENT,Belt
943-83-2208,C,Yangon,Normal,FEMALE,Electronic accessories,13.33,3,32.1,854.13,2021-01-04,17:58,Cash,939.39,4.76,21.01,4.5,,0.0,25.0,66,Excellent,Headphones
228-50-2215,A,Mandalay,Normal,male,Fashion accessories,40.1,8,26.3,542.31,2021-02-02,19:30,cash,310.15,4.76,3.64,5.7,,0.0,41.0,86,very good,Belt
560-69-9476,A,Mandalay,Normal,Female,Electronic accessories,75.26,5,11.5,504.88,2021-01-08,20:24,Ewallet,733.31,4.76,7.26,7.6,,0.0,18.0,82,Excellent,Mouse
452-26-3981,A,Mandalay,Normal,Female,Home and lifestyle,76.6,8,25.04,86.13,2021-01-09,10:00,Cash,558.17,4.76,12.87,8.3,19.0,0.0,0.0,5,good,Cushion
886-26-8088,C,Yangon,Normal,FEMALE,Electronic accessories,21.34,3,35.79,129.43,2021-01-05,17:05,Ewallet,394.65,4.76,8.02,6.5,32.0,0.0,,20,Good,Charger
614-17-3034,A,Yangon,Normal,Male,Electronic accessories,99.27,7,,114.03,2021-08-02,13:12,Cash,49.87,4.76,5.25,9.6,,0.0,53.0,78,very good,Keyboard
630-29-5982,C,Mandalay,Member,FEMALE,Electronic accessories,35.55,7,31.06,402.36,2021-07-02,14:24,Ewallet,33.54,4.76,5.4,6.8,,0.0,53.0,73,Excellent,Mouse
268-30-6286,A,Yangon,Member,Female,Health and beauty,18.35,2,12.5,469.92,2021-05-02,10:18,cash,749.3,4.76,44.07,4.1,,0.0,,6,Excellent,Lotion
826-38-6669,A,Yangon,Member,male,Sports and travel,59.66,3,26.99,679.73,2021-09-02,9:58,CASH,450.7,4.76,45.46,9.4,,0.0,,97,Excellent,Water Bottle
631-46-2292,B,Yangon,Member,FEMALE,Fashion accessories,56.92,9,44.02,975.78,2021-09-02,20:15,Credit card,661.12,4.76,10.82,9.0,,0.0,29.0,28,very good,Scarf
356-35-5496,B,Naypyitaw,Member,male,Health and beauty,78.13,4,43.88,738.66,2021-01-07,17:18,Credit card,488.19,4.76,45.3,7.0,60.0,0.0,23.0,34,very good,Lotion
228-90-5961,C,Yangon,Normal,Male,Health and beauty,24.4,6,25.02,63.5,2021-02-02,14:41,Ewallet,544.42,4.76,28.82,7.4,,0.0,,68,Excellent,Soap
729-78-2530,C,Yangon,Member,Male,Health and beauty,12.51,10,30.29,866.51,2021-09-02,12:41,CASH,660.74,4.76,49.52,4.3,64.0,0.0,36.0,82,Excellent,Soap
614-92-3762,C,Naypyitaw,Member,FEMALE,Sports and travel,81.69,7,15.48,216.75,2021-01-04,10:37,cash,812.56,4.76,31.73,9.9,,0.0,,2,very good,Backpack
706-84-3526,B,Yangon,Member,male,Sports and travel,63.33,5,48.18,906.48,2021-01-02,17:48,Ewallet,291.49,4.76,4.36,7.6,38.0,0.0,50.0,82,very good,Sneakers
275-94-6531,A,Naypyitaw,Normal,Male,Health and beauty,31.72,7,38.43,411.03,2021-03-02,9:50,Cash,283.74,4.76,5.39,7.2,53.0,0.0,,37,Good,Shampoo
962-82-1674,B,Naypyitaw,Member,FEMALE,Electronic accessories,79.67,3,22.91,530.31,2021-01-07,16:17,CASH,907.32,4.76,2.44,8.2,40.0,0.0,,16,good,Power Bank
945-13-2330,A,Yangon,Member,Male,Health and beauty,75.39,3,21.82,645.85,2021-01-02,15:50,Ewallet,208.06,4.76,45.32,5.7,41.0,0.0,,37,very good,Face Wash
146-92-5336,C,Yangon,Member,Female,Health and beauty,98.83,2,47.86,735.12,2021-01-03,17:41,CASH,589.6,4.76,47.38,4.6,,0.0,27.0,60,Poor,Toothpaste
766-36-7825,B,Mandalay,Normal,male,Fashion accessories,19.94,4,18.03,,2021-01-08,11:12,cash,493.74,4.76,36.05,9.5,52.0,0.0,,74,EXCELLENT,Scarf
732-91-1496,C,Naypyitaw,Member,FEMALE,Food and beverages,15.4,7,7.27,851.25,2021-01-08,14:19,Ewallet,308.09,4.76,1.56,6.3,,0.0,,53,Poor,Coffee
609-90-9938,A,Naypyitaw,Member,Male,Food and beverages,43.57,2,42.17,323.42,2021-01-05,15:55,Credit card,408.08,4.76,37.04,,44.0,0.0,33.0,6,EXCELLENT,Juice
396-92-5949,A,Yangon,Normal,Male,Health and beauty,66.43,9,30.45,569.77,2021-04-02,18:20,Ewallet,253.13,4.76,22.33,7.3,,0.0,42.0,80,Good,Soap
594-41-7653,B,Mandalay,Member,Female,Sports and travel,41.9,4,2.42,155.8,2021-01-06,19:50,Credit card,801.78,4.76,16.93,6.1,62.0,0.0,17.0,3,Good,Backpack
404-68-2195,B,Naypyitaw,Member,FEMALE,Health and beauty,14.3,10,11.54,542.14,2021-01-02,10:02,CASH,507.47,4.76,47.83,5.4,,0.0,28.0,92,Excellent,Soap
805-17-3589,B,Mandalay,Normal,Male,Home and lifestyle,68.59,3,21.04,,2021-06-02,9:12,Credit card,609.52,4.76,38.82,4.7,51.0,0.0,22.0,6,very good,Lamp
550-63-8933,C,Naypyitaw,Member,male,Health and beauty,21.23,3,16.84,737.88,2021-03-02,20:49,Ewallet,219.76,4.76,36.8,4.2,18.0,0.0,49.0,72,EXCELLENT,Shampoo
575-36-6573,A,Naypyitaw,Member,Male,Health and beauty,36.82,5,21.15,86.51,2021-01-06,9:29,Ewallet,704.43,4.76,48.7,8.8,,0.0,,36,Excellent,Soap
721-28-6121,B,Yangon,Normal,male,Home and lifestyle,76.32,3,21.83,700.1,2021-01-07,15:58,Ewallet,523.52,4.76,13.67,5.0,42.0,0.0,,1,Excellent,Chair
982-50-6658,C,Naypyitaw,Normal,Male,Fashion accessories,50.78,10,3.68,,2021-01-07,11:00,Ewallet,520.56,4.76,19.71,,44.0,0.0,23.0,76,Excellent,Watch
508-26-7070,C,Yangon,Member,FEMALE,Health and beauty,98.47,1,11.73,,2021-07-02,14:52,Ewallet,947.46,4.76,3.25,9.4,,0.0,19.0,8,very good,Toothpaste
627-81-2739,C,Naypyitaw,Member,FEMALE,Health and beauty,82.48,9,3.24,418.15,2021-01-06,13:21,cash,299.53,4.76,43.89,6.9,46.0,0.18,,53,Excellent,Toothpaste
426-40-8642,A,Yangon,Normal,FEMALE,Health and beauty,99.01,4,11.84,864.15,2021-01-02,20:37,Ewallet,567.54,4.76,33.1,6.2,41.0,0.0,40.0,89,EXCELLENT,Toothpaste
225-44-8366,B,Naypyitaw,Normal,male,Food and beverages,60.9,7,27.26,83.44,2021-01-07,15:28,CASH,55.72,4.76,44.8,6.9,,0.0,14.0,45,good,Biscuits
353-28-2586,B,Yangon,Member,FEMALE,Electronic accessories,90.49,9,6.41,68.8,2021-09-02,10:21,Ewallet,296.81,4.76,48.95,8.7,43.0,7.32,34.0,61,very good,Charger
151-47-7293,C,Yangon,Member,male,Food and beverages,66.5,1,30.93,502.61,2021-02-02,9:57,CASH,39.09,4.76,21.53,8.1,27.0,0.0,42.0,29,Excellent,Coffee
984-88-7850,B,Naypyitaw,Member,male,Electronic accessories,58.0,5,27.45,416.75,2021-05-02,20:02,CASH,586.53,4.76,11.72,4.8,,0.0,6.0,61,Excellent,Mouse
354-30-6364,A,Yangon,Member,male,Electronic accessories,63.6,6,2.03,417.43,2021-01-09,15:27,CASH,639.85,4.76,32.07,5.2,32.0,22.34,55.0,53,Poor,Keyboard
691-50-4110,B,Mandalay,Member,Female,Fashion accessories,41.53,4,39.24,275.79,2021-09-02,19:24,Ewallet,503.59,4.76,19.76,4.4,,0.0,,16,EXCELLENT,Handbag
881-30-9163,C,Mandalay,Normal,Male,Home and lifestyle,35.61,1,18.28,287.54,2021-01-01,15:17,Cash,392.94,4.76,48.35,4.4,,0.0,,36,Excellent,Lamp
627-69-9171,A,Mandalay,Normal,male,Health and beauty,80.63,1,4.11,654.86,2021-01-08,10:04,Credit card,39.12,4.76,6.25,6.0,26.0,0.0,,21,Good,Soap
415-73-1379,B,Yangon,Normal,male,Health and beauty,74.34,6,,903.65,2021-09-02,9:57,Credit card,917.66,4.76,5.32,5.6,,0.0,53.0,51,Excellent,Face Wash
192-60-9281,A,Naypyitaw,Normal,Male,Electronic accessories,70.52,8,27.24,885.47,2021-01-07,19:25,cash,138.81,4.76,12.59,6.9,50.0,0.0,,48,Poor,Mouse
568-40-4524,B,Mandalay,Normal,FEMALE,Fashion accessories,74.29,10,42.07,322.52,2021-02-02,14:19,Ewallet,846.62,4.76,18.93,6.4,30.0,0.0,31.0,88,Poor,Sunglasses
697-55-1797,A,Mandalay,Normal,Female,Home and lifestyle,56.77,3,36.17,964.89,2021-01-09,10:45,Credit card,58.89,4.76,36.24,5.1,64.0,0.0,,99,Poor,Cushion
151-46-9108,C,Naypyitaw,Member,Male,Food and beverages,32.29,8,8.91,294.35,2021-04-02,10:45,Ewallet,396.59,4.76,40.13,8.6,,0.0,,88,Excellent,Snacks
711-93-8710,C,Yangon,Member,male,Home and lifestyle,39.51,5,21.26,753.01,2021-01-01,12:18,Ewallet,914.29,4.76,49.17,4.0,58.0,0.0,,17,Poor,Lamp
392-78-1133,C,Yangon,Normal,Male,Home and lifestyle,62.41,1,13.19,334.86,2021-01-07,9:51,Ewallet,65.96,4.76,48.24,4.1,36.0,0.0,23.0,16,Poor,Lamp
967-23-8060,A,Naypyitaw,Normal,male,Electronic accessories,84.06,3,,439.85,2021-02-02,16:34,cash,398.2,4.76,16.15,4.4,37.0,0.0,,46,EXCELLENT,Mouse
237-43-6992,A,Naypyitaw,Normal,FEMALE,Food and beverages,42.51,6,38.0,859.1,2021-01-02,14:06,cash,538.65,4.76,42.42,4.1,,0.0,,33,very good,Snacks
882-61-6995,C,Naypyitaw,Normal,Male,Fashion accessories,18.82,10,25.57,168.77,2021-01-08,15:39,Cash,859.59,4.76,13.71,8.9,,0.0,,76,very good,Scarf
146-61-1838,C,Yangon,Normal,Female,Food and beverages,74.05,6,3.07,247.7,2021-04-02,18:17,CASH,46.63,4.76,18.14,4.0,52.0,0.0,60.0,19,Poor,Snacks
683-81-4189,A,Mandalay,Member,Male,Electronic accessories,84.56,5,2.19,889.44,2021-01-07,18:30,Credit card,530.82,4.76,48.09,7.1,,0.0,41.0,4,Good,Headphones
471-80-5728,A,Mandalay,Member,male,Food and beverages,17.38,7,34.72,479.7,2021-04-02,9:33,Cash,278.91,4.76,5.07,,,0.0,29.0,28,Good,Juice
175-59-9261,A,Naypyitaw,Normal,male,Food and beverages,15.6,2,,490.34,2021-01-02,18:00,cash,796.88,4.76,49.96,4.3,,0.0,,52,Good,Tea
561-80-5582,A,Yangon,Normal,Female,Health and beauty,89.97,10,40.84,682.1,2021-08-02,14:49,cash,359.88,4.76,27.2,6.4,31.0,0.0,49.0,100,good,Toothpaste
945-89-2946,A,Naypyitaw,Normal,male,Health and beauty,52.86,10,20.64,553.44,2021-01-07,17:48,Cash,126.02,4.76,9.0,9.0,,0.0,39.0,76,good,Lotion
231-22-7453,B,Naypyitaw,Normal,male,Food and beverages,50.15,4,43.95,726.96,2021-03-02,12:27,Cash,233.72,4.76,16.57,4.8,20.0,0.0,,29,EXCELLENT,Tea
482-53-6990,B,Mandalay,Normal,male,Health and beauty,43.24,8,4.75,950.6,2021-01-07,15:35,CASH,541.78,4.76,5.98,7.8,23.0,0.0,52.0,6,Poor,Shampoo
873-28-4261,B,Naypyitaw,Member,Male,Food and beverages,57.36,2,35.47,794.92,2021-01-06,12:18,cash,526.45,4.76,34.29,6.6,,0.0,44.0,76,good,Tea
716-75-7576,A,Naypyitaw,Normal,Male,Electronic accessories,62.94,10,1.99,490.21,2021-08-02,17:09,Cash,541.1,4.76,41.48,7.7,,0.0,,97,EXCELLENT,Keyboard
612-15-1742,A,Naypyitaw,Member,Female,Fashion accessories,56.71,8,27.54,802.47,2021-01-01,15:34,CASH,834.94,4.76,33.74,4.1,64.0,0.0,22.0,10,good,Belt
139-27-6456,A,Yangon,Member,Female,Electronic accessories,45.53,4,5.68,341.55,2021-01-02,20:36,Ewallet,770.14,4.76,9.98,4.3,,0.0,29.0,91,very good,Power Bank
923-70-9508,C,Mandalay,Member,FEMALE,Home and lifestyle,33.73,3,20.17,496.72,2021-09-02,18:39,cash,333.49,4.76,23.2,5.0,,0.0,25.0,34,good,Table Cover
567-29-9446,C,Yangon,Normal,male,Electronic accessories,54.89,4,43.11,479.7,2021-01-02,15:10,CASH,310.71,4.76,1.19,5.4,38.0,0.0,,80,Poor,Mouse
243-51-6218,C,Naypyitaw,Normal,Female,Food and beverages,48.11,5,21.83,957.95,2021-01-04,15:38,cash,779.62,4.76,20.21,,38.0,0.0,21.0,7,Poor,Juice
266-60-5902,C,Naypyitaw,Normal,male,Health and beauty,49.61,9,15.81,441.51,2021-03-02,16:50,Cash,536.98,4.76,21.5,4.1,,0.0,41.0,12,Good,Toothpaste
707-53-9311,B,Naypyitaw,Member,Female,Fashion accessories,93.79,6,5.88,370.8,2021-01-06,9:33,CASH,599.35,4.76,40.65,4.9,,0.0,,86,Good,Sunglasses
948-75-9721,A,Yangon,Normal,FEMALE,Health and beauty,54.06,2,29.23,676.67,2021-01-06,12:34,Ewallet,707.94,4.76,46.81,9.7,49.0,0.0,25.0,42,EXCELLENT,Soap
601-82-5911,B,Mandalay,Normal,Female,Electronic accessories,97.59,2,22.05,460.19,2021-01-08,15:35,Ewallet,270.96,4.76,46.66,7.4,,0.0,56.0,18,Excellent,Keyboard
586-12-7035,A,Yangon,Normal,Male,Food and beverages,84.14,9,20.91,72.64,2021-01-08,17:33,cash,816.24,4.76,39.38,6.2,,0.0,,59,very good,Juice
439-96-2795,B,Yangon,Member,male,Fashion accessories,22.99,9,14.94,589.02,2021-01-03,19:36,Cash,945.26,4.76,47.68,7.4,41.0,0.0,39.0,30,good,Scarf
526-84-6040,C,Mandalay,Normal,Male,Sports and travel,21.44,3,25.82,984.45,2021-01-02,10:30,Cash,539.07,4.76,42.94,9.8,,0.0,,13,Excellent,Travel Pillow
915-98-1436,B,Yangon,Normal,Female,Home and lifestyle,74.0,3,49.66,780.78,2021-04-02,17:43,Cash,412.71,4.76,14.53,,,0.0,,90,Good,Cushion
711-70-5350,B,Naypyitaw,Member,Female,Fashion accessories,21.64,10,47.62,596.32,2021-09-02,19:41,cash,826.25,4.76,4.75,7.2,,0.0,34.0,14,good,Handbag
771-84-4728,A,Yangon,Member,FEMALE,Food and beverages,73.41,4,36.01,193.15,2021-08-02,16:50,Cash,43.4,4.76,46.4,,57.0,0.0,23.0,96,Good,Tea
838-16-8871,C,Mandalay,Normal,FEMALE,Electronic accessories,87.69,7,29.32,283.41,2021-06-02,18:04,Ewallet,881.42,4.76,44.09,6.8,61.0,0.0,,58,Poor,Headphones
274-77-7229,B,Naypyitaw,Member,FEMALE,Sports and travel,20.63,9,,774.49,2021-01-02,14:01,cash,441.31,4.76,44.31,9.7,,0.0,53.0,23,Good,Backpack
251-97-4968,A,Yangon,Normal,Female,Fashion accessories,29.14,2,22.91,629.84,2021-02-02,14:51,Cash,370.91,4.76,21.03,8.0,,0.0,31.0,23,Excellent,Scarf
132-83-2800,C,Mandalay,Normal,FEMALE,Health and beauty,52.6,9,6.34,554.06,2021-01-05,18:27,Credit card,41.71,4.76,27.74,5.6,,0.0,53.0,50,Excellent,Toothpaste
295-12-8225,C,Naypyitaw,Normal,Female,Electronic accessories,77.18,7,8.04,83.54,2021-01-03,11:23,CASH,30.58,4.76,26.02,9.7,51.0,0.0,,39,Poor,Charger
421-63-3481,A,Mandalay,Member,Female,Home and lifestyle,94.97,5,5.1,112.09,2021-07-02,16:54,Ewallet,72.25,4.76,42.37,,,0.0,41.0,8,EXCELLENT,Chair
522-98-4340,A,Mandalay,Member,male,Sports and travel,43.24,1,11.18,,2021-01-09,10:36,CASH,347.32,4.76,39.72,7.3,,0.0,,33,good,Travel Pillow
520-74-8726,A,Yangon,Normal,Male,Sports and travel,95.66,4,30.08,875.99,2021-05-02,16:57,CASH,389.15,4.76,15.38,8.2,26.0,20.16,9.0,62,EXCELLENT,Tent
993-17-3262,C,Yangon,Normal,male,Electronic accessories,64.14,1,20.76,135.45,2021-04-02,15:01,Ewallet,654.52,4.76,23.89,5.4,,0.0,,42,EXCELLENT,Charger
631-36-6325,A,Naypyitaw,Member,Male,Food and beverages,46.78,9,26.65,388.86,2021-01-04,20:38,Cash,123.68,4.76,4.95,,,0.0,,53,Good,Tea
778-71-9609,B,Mandalay,Normal,Male,Electronic accessories,20.88,9,38.27,960.06,2021-01-07,12:08,cash,847.52,4.76,8.82,7.8,,0.0,,73,very good,Power Bank
485-50-3837,A,Yangon,Member,Female,Sports and travel,61.46,4,25.18,112.72,2021-08-02,9:05,cash,746.27,4.76,3.94,7.3,24.0,0.0,,100,good,Backpack
570-78-6608,B,Naypyitaw,Normal,FEMALE,Health and beauty,13.63,5,37.29,349.73,2021-01-09,11:27,Credit card,357.42,4.76,11.18,7.8,,7.13,47.0,1,very good,Toothpaste
659-55-5331,B,Mandalay,Member,FEMALE,Home and lifestyle,23.8,3,2.79,474.29,2021-01-02,20:48,CASH,217.04,4.76,1.74,5.7,,0.0,,1,Poor,Curtain
724-71-4150,B,Mandalay,Normal,FEMALE,Health and beauty,43.43,9,30.34,216.46,2021-01-02,14:29,Credit card,868.27,4.76,21.23,5.7,,0.0,,81,Good,Toothpaste
352-45-5890,B,Yangon,Normal,male,Sports and travel,99.19,1,14.14,812.22,2021-04-02,19:33,cash,904.29,4.76,46.7,9.9,,0.0,,8,good,Backpack
330-48-5735,A,Yangon,Normal,FEMALE,Health and beauty,37.29,5,28.56,886.53,2021-01-09,18:35,cash,386.41,4.76,40.51,5.0,44.0,14.37,16.0,66,very good,Face Wash
821-36-9011,C,Yangon,Normal,Female,Food and beverages,53.73,5,25.49,162.52,2021-06-02,11:24,Ewallet,119.32,4.76,15.86,6.2,,0.0,51.0,34,good,Tea
424-71-6714,B,Naypyitaw,Member,FEMALE,Electronic accessories,81.21,1,12.55,439.2,2021-04-02,9:19,Credit card,270.17,4.76,28.72,7.7,25.0,0.0,,16,Excellent,Mouse
673-45-5715,A,Yangon,Member,FEMALE,Sports and travel,22.79,4,24.67,647.25,2021-01-04,10:35,cash,550.11,4.76,49.68,,,0.0,16.0,78,good,Water Bottle
224-83-9899,B,Yangon,Member,FEMALE,Home and lifestyle,63.07,4,37.24,317.17,2021-01-02,9:48,Credit card,789.43,4.76,48.7,6.3,,0.0,42.0,28,EXCELLENT,Cushion
488-60-6654,A,Naypyitaw,Member,male,Fashion accessories,14.38,1,46.14,286.92,2021-06-02,18:23,Ewallet,930.45,4.76,7.15,8.9,43.0,0.0,,27,very good,Belt
891-28-5758,B,Naypyitaw,Normal,Female,Home and lifestyle,90.48,10,4.8,948.13,2021-01-01,11:04,Ewallet,641.77,4.76,16.35,6.5,,0.0,,42,good,Cushion
143-46-2294,C,Mandalay,Member,FEMALE,Food and beverages,90.02,6,1.67,142.22,2021-01-02,16:23,Ewallet,855.43,4.76,14.32,7.3,,0.0,35.0,78,very good,Tea
454-66-5201,B,Yangon,Normal,Male,Fashion accessories,29.4,9,6.95,886.22,2021-07-02,14:32,Ewallet,300.65,4.76,11.26,,,0.0,45.0,67,Good,Scarf
865-71-4505,C,Yangon,Normal,male,Health and beauty,83.72,3,43.62,503.04,2021-08-02,14:07,Ewallet,442.92,4.76,3.63,,26.0,0.0,36.0,94,Excellent,Shampoo
306-78-5442,C,Naypyitaw,Normal,FEMALE,Health and beauty,53.99,10,44.39,606.87,2021-07-02,16:31,Ewallet,77.64,4.76,36.58,7.8,,0.0,,34,very good,Soap
675-99-5450,A,Yangon,Normal,FEMALE,Home and lifestyle,21.01,1,31.68,394.27,2021-01-04,16:18,Ewallet,730.28,4.76,44.06,9.4,,0.0,31.0,57,Good,Chair
240-23-4920,B,Naypyitaw,Member,male,Sports and travel,41.38,1,7.85,593.31,2021-01-01,20:05,CASH,870.86,4.76,37.94,4.8,,0.0,23.0,39,EXCELLENT,Backpack
348-16-9700,B,Naypyitaw,Normal,Male,Health and beauty,88.34,4,21.49,68.86,2021-01-07,19:47,Cash,869.28,4.76,27.84,10.0,,0.0,,20,Poor,Shampoo
331-91-4814,C,Yangon,Member,Male,Sports and travel,47.58,5,,688.17,2021-01-02,11:31,Cash,631.34,4.76,47.43,6.2,37.0,0.0,,20,very good,Water Bottle
153-22-7771,B,Mandalay,Member,male,Home and lifestyle,61.58,1,49.79,372.79,2021-06-02,13:24,CASH,518.35,4.76,8.39,,,27.4,12.0,73,good,Cushion
438-70-2647,A,Naypyitaw,Member,FEMALE,Sports and travel,60.92,10,44.13,401.47,2021-02-02,18:11,Credit card,179.04,4.76,17.48,8.1,,0.0,,68,Good,Sneakers
797-27-1084,C,Yangon,Member,male,Food and beverages,91.03,7,16.8,642.83,2021-01-02,10:06,Credit card,837.93,4.76,32.22,,,0.0,4.0,81,Poor,Coffee
663-30-7666,C,Mandalay,Member,male,Fashion accessories,80.32,5,28.63,920.93,2021-01-09,17:43,Ewallet,769.35,4.76,42.33,8.4,,0.0,,31,EXCELLENT,Watch
768-70-8822,A,Mandalay,Member,male,Home and lifestyle,52.77,10,15.22,938.28,2021-01-05,19:35,Credit card,58.73,4.76,30.63,6.5,,0.0,,97,very good,Curtain
766-35-5706,A,Mandalay,Normal,male,Fashion accessories,74.8,8,40.34,237.28,2021-01-02,11:17,CASH,610.54,4.76,37.81,5.9,,0.0,,82,good,Scarf
428-46-1969,A,Mandalay,Normal,Male,Sports and travel,64.51,5,19.19,327.73,2021-03-02,10:38,CASH,217.72,4.76,9.02,,31.0,0.0,,97,good,Sneakers
887-21-4804,B,Yangon,Member,male,Electronic accessories,78.58,7,24.13,797.25,2021-01-07,20:37,Ewallet,372.57,4.76,13.58,7.4,,0.0,60.0,41,Good,Mouse
647-14-3868,A,Yangon,Normal,FEMALE,Food and beverages,55.43,4,17.18,984.39,2021-09-02,15:08,Ewallet,662.9,4.76,39.5,5.1,49.0,9.62,29.0,78,Good,Snacks
527-32-1595,A,Yangon,Member,FEMALE,Sports and travel,51.48,7,49.81,640.77,2021-07-02,15:17,Ewallet,73.8,4.76,1.84,5.3,,0.0,,53,good,Travel Pillow
956-60-9116,C,Yangon,Member,Female,Home and lifestyle,50.49,8,9.05,992.12,2021-01-09,11:10,Credit card,279.67,4.76,20.58,5.8,,0.0,31.0,87,EXCELLENT,Cushion
290-47-1613,B,Mandalay,Member,Female,Sports and travel,50.42,3,24.22,290.08,2021-01-02,11:38,cash,301.98,4.76,34.86,4.3,,0.0,,53,Poor,Tent
109-48-2758,C,Mandalay,Member,male,Electronic accessories,87.97,3,9.78,982.93,2021-04-02,16:21,Cash,903.72,4.76,40.25,5.6,29.0,0.0,60.0,88,EXCELLENT,Keyboard
443-46-8444,C,Naypyitaw,Member,Female,Health and beauty,39.27,8,49.67,72.27,2021-09-02,17:37,cash,261.9,4.76,32.5,5.3,,0.0,,61,very good,Face Wash
756-79-9590,A,Mandalay,Normal,male,Sports and travel,81.98,3,,208.54,2021-05-02,10:28,Ewallet,583.34,4.76,5.31,5.9,,0.0,,100,Poor,Tent
605-27-9261,B,Mandalay,Member,Male,Fashion accessories,69.81,1,10.76,715.49,2021-01-09,9:51,CASH,893.09,4.76,7.06,9.5,29.0,0.0,7.0,61,good,Sunglasses
579-44-4159,A,Naypyitaw,Normal,Male,Home and lifestyle,46.87,3,23.47,996.35,2021-05-02,20:56,Credit card,391.92,4.76,33.86,5.9,42.0,0.0,,10,Good,Cushion
928-24-6417,C,Yangon,Normal,Male,Electronic accessories,30.95,10,31.62,309.19,2021-09-02,13:46,Ewallet,282.32,4.76,31.01,7.4,62.0,0.0,42.0,45,EXCELLENT,Keyboard
266-68-5215,B,Yangon,Normal,Male,Health and beauty,45.59,3,4.27,673.86,2021-01-01,20:23,Credit card,345.51,4.76,38.93,8.6,22.0,0.0,28.0,31,Good,Toothpaste
835-33-1230,C,Yangon,Normal,FEMALE,Fashion accessories,58.69,4,44.28,366.27,2021-01-06,13:58,Cash,418.18,4.76,27.79,7.8,40.0,0.0,,76,very good,Watch
854-53-5833,C,Yangon,Normal,Male,Sports and travel,96.23,7,1.69,878.44,2021-07-02,11:06,cash,860.2,4.76,4.94,6.6,18.0,0.0,,2,good,Travel Pillow
681-96-4164,B,Yangon,Normal,Male,Fashion accessories,90.1,9,14.93,60.14,2021-01-07,17:22,Ewallet,398.8,4.76,8.19,5.8,,0.0,50.0,21,very good,Sunglasses
279-88-7643,A,Naypyitaw,Member,FEMALE,Health and beauty,76.23,1,21.88,337.57,2021-01-09,19:18,cash,873.22,4.76,13.2,7.5,,0.0,,21,EXCELLENT,Toothpaste
946-64-9442,A,Naypyitaw,Normal,male,Sports and travel,68.13,7,19.0,496.61,2021-05-02,14:31,Ewallet,181.65,4.76,43.0,6.3,36.0,0.0,23.0,55,very good,Sneakers
435-21-7567,C,Yangon,Member,Female,Sports and travel,87.94,2,46.78,710.52,2021-02-02,9:20,Cash,894.8,4.76,22.02,5.4,,0.0,45.0,98,good,Travel Pillow
785-22-4027,A,Mandalay,Member,male,Food and beverages,73.65,1,32.44,406.38,2021-09-02,15:49,Cash,377.6,4.76,16.03,8.3,,18.0,2.0,20,Excellent,Coffee
243-71-6301,B,Mandalay,Member,male,Fashion accessories,61.48,2,30.04,536.96,2021-01-07,17:08,CASH,754.41,4.76,17.53,7.8,23.0,0.0,3.0,94,Poor,Scarf
354-10-5272,B,Mandalay,Normal,Female,Fashion accessories,81.65,10,11.61,453.29,2021-09-02,9:54,Cash,145.96,4.76,29.75,6.4,59.0,0.0,,38,good,Sunglasses
492-40-8319,A,Naypyitaw,Normal,Male,Health and beauty,73.67,1,28.62,175.72,2021-03-02,18:09,Credit card,327.72,4.76,15.09,6.2,,0.0,,59,Excellent,Face Wash
871-44-6400,A,Mandalay,Member,Male,Health and beauty,60.49,2,26.59,298.51,2021-04-02,11:54,cash,346.66,4.76,43.85,8.6,36.0,0.0,,93,Good,Soap
409-84-1187,C,Naypyitaw,Normal,Male,Electronic accessories,21.14,6,19.76,317.56,2021-09-02,14:31,cash,579.57,4.76,25.63,10.0,42.0,0.0,,99,Poor,Power Bank
367-93-6890,B,Yangon,Member,Male,Sports and travel,60.34,2,42.82,477.38,2021-01-02,9:45,Credit card,832.46,4.76,9.76,9.1,46.0,0.0,51.0,30,EXCELLENT,Sneakers
809-40-2017,A,Mandalay,Member,Female,Sports and travel,27.32,8,48.37,815.2,2021-04-02,18:01,Cash,155.97,4.76,4.17,4.5,33.0,0.0,,51,Good,Backpack
783-25-8625,A,Mandalay,Normal,Male,Fashion accessories,65.68,8,31.18,868.41,2021-01-01,20:03,Ewallet,887.84,4.76,26.32,9.1,,0.0,,41,Excellent,Watch
414-30-7642,A,Yangon,Normal,Male,Food and beverages,61.92,5,11.26,71.86,2021-07-02,10:40,Cash,736.67,4.76,29.75,4.6,57.0,0.0,,1,very good,Snacks
802-74-6095,C,Yangon,Member,Male,Health and beauty,14.76,3,,773.96,2021-01-06,15:14,cash,199.5,4.76,21.57,4.2,,0.0,4.0,5,EXCELLENT,Toothpaste
806-25-5833,B,Mandalay,Member,Female,Fashion accessories,61.32,9,11.61,218.25,2021-01-01,20:57,Credit card,816.7,4.76,2.14,6.9,,0.0,,92,very good,Watch
476-88-4618,C,Mandalay,Member,FEMALE,Electronic accessories,27.05,9,31.13,593.31,2021-01-05,14:26,Ewallet,144.89,4.76,20.85,9.1,23.0,0.0,38.0,25,very good,Keyboard
324-27-8834,B,Mandalay,Normal,Female,Health and beauty,52.83,1,24.3,133.02,2021-06-02,13:03,CASH,37.28,4.76,13.72,8.2,49.0,0.0,58.0,18,Excellent,Shampoo
256-68-7121,B,Mandalay,Normal,Male,Home and lifestyle,90.72,5,,736.95,2021-03-02,16:10,Credit card,247.04,4.76,38.93,5.3,44.0,0.0,10.0,77,very good,Curtain
525-99-9998,C,Mandalay,Member,Female,Electronic accessories,20.83,7,48.52,374.08,2021-01-08,12:52,Cash,887.32,4.76,18.02,5.3,,0.0,40.0,72,Excellent,Charger
582-78-4578,A,Naypyitaw,Member,male,Home and lifestyle,94.26,4,40.55,116.86,2021-06-02,11:17,CASH,625.71,4.76,5.82,6.4,,27.71,,2,Poor,Chair
880-41-2341,C,Mandalay,Member,male,Electronic accessories,26.18,7,24.11,967.36,2021-01-03,16:11,Credit card,301.3,4.76,5.94,5.1,60.0,0.0,27.0,73,Poor,Headphones
638-67-9653,A,Mandalay,Normal,FEMALE,Food and beverages,11.71,6,38.24,649.45,2021-05-02,17:10,Ewallet,759.68,4.76,3.14,4.8,59.0,0.0,,4,EXCELLENT,Coffee
820-56-2279,C,Naypyitaw,Member,Male,Sports and travel,80.81,4,20.27,681.69,2021-01-04,17:39,Cash,267.93,4.76,5.46,5.0,,0.0,20.0,90,good,Travel Pillow
677-24-2011,A,Yangon,Member,FEMALE,Health and beauty,32.08,7,35.61,103.36,2021-01-06,14:56,Cash,312.72,4.76,40.94,8.8,,0.0,45.0,81,Excellent,Toothpaste
948-80-9281,C,Yangon,Normal,male,Electronic accessories,73.51,2,42.09,922.1,2021-02-02,20:56,Ewallet,858.71,4.76,19.18,6.3,,0.0,,7,very good,Charger
307-83-9792,B,Yangon,Normal,FEMALE,Sports and travel,89.89,2,4.83,226.3,2021-09-02,13:00,cash,309.29,4.76,10.61,7.9,62.0,0.0,60.0,55,Good,Travel Pillow
253-31-6375,A,Naypyitaw,Normal,male,Fashion accessories,49.98,5,11.48,137.01,2021-03-02,9:05,Ewallet,295.49,4.76,37.74,6.6,,0.0,,38,Poor,Sunglasses
974-76-8239,C,Naypyitaw,Normal,male,Sports and travel,82.62,10,32.05,701.32,2021-01-07,16:33,cash,752.63,4.76,5.03,7.7,,14.33,,58,very good,Tent
219-97-4365,C,Yangon,Member,Female,Home and lifestyle,64.62,6,8.0,731.13,2021-01-07,19:58,Cash,372.58,4.76,36.58,5.3,,0.0,,52,EXCELLENT,Chair
834-84-9008,A,Yangon,Member,Male,Fashion accessories,46.16,2,22.64,644.18,2021-09-02,17:11,CASH,235.01,4.76,13.11,6.0,,4.98,58.0,8,Good,Handbag
193-75-8298,B,Yangon,Member,male,Food and beverages,14.05,10,13.28,826.67,2021-01-02,11:44,Credit card,432.11,4.76,2.44,4.8,,0.0,,82,Excellent,Juice
928-17-8429,C,Mandalay,Normal,Male,Food and beverages,87.58,7,45.09,520.54,2021-07-02,13:45,cash,187.06,4.76,35.7,4.1,,0.0,51.0,39,good,Tea
235-75-7806,A,Naypyitaw,Normal,FEMALE,Home and lifestyle,12.09,10,9.72,495.75,2021-01-02,16:15,Ewallet,810.25,4.76,3.5,,43.0,22.84,49.0,38,Excellent,Cushion
567-82-1945,A,Mandalay,Normal,FEMALE,Fashion accessories,49.33,7,42.91,612.22,2021-05-02,10:08,CASH,782.36,4.76,30.95,4.0,58.0,0.0,53.0,18,very good,Handbag
672-69-6049,B,Naypyitaw,Member,male,Sports and travel,47.34,5,17.95,470.39,2021-01-09,15:04,cash,521.63,4.76,47.6,5.1,19.0,0.0,,57,Good,Water Bottle
840-12-7487,B,Naypyitaw,Normal,Male,Home and lifestyle,87.37,5,31.23,125.58,2021-08-02,15:59,Credit card,317.54,4.76,21.77,5.1,58.0,0.0,,64,Poor,Table Cover
360-10-4570,B,Mandalay,Member,male,Sports and travel,38.56,2,46.11,300.1,2021-01-05,17:59,cash,479.97,4.76,41.37,4.8,58.0,0.0,,62,Excellent,Travel Pillow
692-19-1742,B,Yangon,Member,male,Fashion accessories,33.15,8,19.34,596.66,2021-01-04,14:00,Cash,105.29,4.76,12.75,7.0,31.0,0.0,54.0,31,very good,Handbag
533-54-2044,C,Naypyitaw,Member,Female,Food and beverages,20.32,5,49.78,167.81,2021-01-09,16:04,Credit card,156.21,4.76,7.97,,,0.0,11.0,94,good,Tea
654-17-2130,C,Mandalay,Member,FEMALE,Sports and travel,18.94,2,18.69,228.79,2021-01-08,9:50,Credit card,336.38,4.76,35.96,4.9,,0.0,15.0,90,EXCELLENT,Travel Pillow
583-14-5703,B,Mandalay,Normal,Male,Sports and travel,25.13,3,29.72,768.47,2021-04-02,14:35,cash,349.88,4.76,32.45,8.8,61.0,0.0,51.0,41,EXCELLENT,Travel Pillow
518-33-3218,B,Naypyitaw,Normal,FEMALE,Food and beverages,22.96,3,45.64,424.93,2021-01-04,19:44,Cash,123.5,4.76,25.76,8.9,25.0,0.0,,40,EXCELLENT,Tea
884-92-7887,B,Yangon,Member,Female,Home and lifestyle,33.0,7,25.64,331.88,2021-01-02,9:05,Credit card,675.4,4.76,3.59,6.0,,0.0,9.0,33,Good,Curtain
483-58-8348,B,Naypyitaw,Member,FEMALE,Electronic accessories,18.07,8,,658.57,2021-01-07,10:36,Credit card,822.9,4.76,3.86,6.1,,0.0,,84,Poor,Power Bank
990-58-7154,A,Naypyitaw,Normal,Female,Sports and travel,37.61,2,32.71,288.4,2021-05-02,14:00,Credit card,578.26,4.76,8.99,4.3,42.0,0.0,,6,Poor,Sneakers
182-97-9835,A,Yangon,Member,FEMALE,Health and beauty,46.65,5,20.52,278.73,2021-06-02,18:11,CASH,33.06,4.76,49.98,5.9,59.0,0.0,,91,very good,Shampoo
236-93-6697,A,Mandalay,Normal,Male,Health and beauty,25.23,6,35.51,,2021-01-04,16:56,Cash,259.21,4.76,10.88,7.7,,0.0,,36,Poor,Soap
221-32-9802,A,Mandalay,Member,Female,Home and lifestyle,65.3,3,3.8,699.35,2021-01-03,10:52,Ewallet,147.51,4.76,30.14,,,0.0,4.0,22,very good,Curtain
502-77-3086,C,Yangon,Member,FEMALE,Sports and travel,39.28,6,2.49,203.2,2021-01-07,19:05,Cash,200.05,4.76,27.99,5.3,23.0,0.0,,82,Good,Sneakers
845-38-1056,A,Mandalay,Member,Female,Sports and travel,12.45,7,24.07,519.23,2021-07-02,14:11,Credit card,114.09,4.76,30.02,,27.0,0.0,,31,EXCELLENT,Sneakers
874-12-5888,A,Mandalay,Normal,Male,Electronic accessories,15.27,7,23.27,107.38,2021-01-06,15:05,Cash,829.41,4.76,30.62,6.4,,0.0,51.0,15,EXCELLENT,Power Bank
574-96-9920,A,Yangon,Member,FEMALE,Fashion accessories,45.09,6,37.75,458.59,2021-01-05,20:56,cash,884.95,4.76,47.94,5.5,,0.0,,51,good,Watch
534-78-7214,A,Yangon,Normal,male,Electronic accessories,38.8,4,27.73,903.71,2021-01-05,9:47,Credit card,746.8,4.76,4.93,5.1,,0.0,37.0,79,EXCELLENT,Headphones
943-39-5055,B,Mandalay,Member,Male,Health and beauty,47.15,9,19.11,978.31,2021-03-02,14:14,Cash,247.88,4.76,40.57,10.0,47.0,0.0,,63,very good,Toothpaste
571-54-3541,B,Naypyitaw,Member,Male,Health and beauty,39.18,9,35.95,352.48,2021-01-07,16:03,Cash,746.5,4.76,2.59,4.9,,22.11,53.0,76,Excellent,Soap
382-34-2848,B,Mandalay,Member,Male,Fashion accessories,43.8,9,9.67,918.75,2021-01-09,18:08,CASH,161.73,4.76,1.65,6.7,,0.0,51.0,18,Excellent,Scarf
132-94-7868,B,Yangon,Normal,Male,Health and beauty,84.5,7,5.06,625.23,2021-01-03,12:02,Credit card,922.32,4.76,15.59,5.2,,7.86,25.0,92,Poor,Face Wash
729-12-4943,A,Naypyitaw,Member,male,Health and beauty,20.89,7,6.85,590.74,2021-01-05,9:29,Credit card,485.08,4.76,46.9,,34.0,0.0,28.0,90,good,Shampoo
311-18-2653,C,Naypyitaw,Normal,FEMALE,Sports and travel,28.23,4,35.82,353.11,2021-09-02,10:51,cash,421.55,4.76,40.85,7.0,40.0,0.0,40.0,95,good,Water Bottle
708-14-8314,B,Naypyitaw,Member,Male,Fashion accessories,77.69,4,43.04,820.42,2021-01-07,15:37,Credit card,279.04,4.76,12.79,9.7,,0.0,24.0,7,good,Handbag
712-96-1797,A,Naypyitaw,Member,FEMALE,Health and beauty,62.74,4,42.78,335.23,2021-09-02,14:43,Cash,621.14,4.76,37.76,5.8,26.0,0.0,,94,Poor,Soap
350-15-7590,B,Naypyitaw,Normal,Female,Electronic accessories,54.37,1,37.14,568.62,2021-01-02,9:00,CASH,702.99,4.76,25.32,9.6,52.0,0.0,11.0,55,Poor,Keyboard
549-39-9843,B,Naypyitaw,Member,Male,Sports and travel,77.72,8,33.93,266.71,2021-07-02,16:16,Cash,598.09,4.76,5.85,5.2,24.0,0.0,43.0,56,very good,Water Bottle
322-17-3295,B,Naypyitaw,Member,Male,Food and beverages,44.65,2,44.99,706.32,2021-08-02,20:53,CASH,541.23,4.76,41.31,5.4,,27.81,17.0,46,Excellent,Biscuits
615-47-4836,B,Yangon,Member,FEMALE,Fashion accessories,20.36,6,49.33,885.98,2021-01-05,19:05,cash,685.38,4.76,38.33,6.0,61.0,0.0,,34,Good,Scarf
935-83-6224,A,Naypyitaw,Normal,male,Home and lifestyle,15.46,3,18.95,806.44,2021-06-02,17:36,CASH,325.53,4.76,28.18,7.7,44.0,0.0,,73,EXCELLENT,Lamp
691-86-6253,A,Mandalay,Member,Female,Electronic accessories,51.83,3,,433.08,2021-09-02,13:35,Ewallet,328.75,4.76,3.23,4.8,,0.0,51.0,28,good,Charger
342-48-3347,A,Naypyitaw,Normal,male,Home and lifestyle,46.64,9,21.4,491.17,2021-06-02,20:20,CASH,196.47,4.76,37.71,8.4,,0.0,,79,Good,Lamp
776-76-4621,C,Naypyitaw,Normal,FEMALE,Food and beverages,53.58,7,4.01,750.97,2021-01-05,20:18,Credit card,645.11,4.76,44.35,,,0.0,24.0,25,Poor,Tea
523-48-5508,B,Naypyitaw,Normal,Male,Food and beverages,46.67,4,38.3,952.15,2021-01-05,12:51,cash,186.69,4.76,38.13,8.2,,0.0,,39,good,Tea
162-81-3869,C,Naypyitaw,Member,FEMALE,Health and beauty,31.04,3,14.07,798.85,2021-01-07,19:09,CASH,804.36,4.76,44.32,4.8,24.0,0.0,43.0,29,Good,Shampoo
741-96-7999,C,Naypyitaw,Member,FEMALE,Health and beauty,89.75,3,3.18,876.74,2021-01-03,18:33,cash,158.75,4.76,8.62,4.1,,0.0,,87,very good,Face Wash
669-73-1768,C,Yangon,Normal,FEMALE,Fashion accessories,34.22,1,34.75,397.42,2021-03-02,16:26,Credit card,820.48,4.76,49.4,6.6,42.0,0.0,,73,good,Belt
452-92-7244,A,Mandalay,Normal,FEMALE,Food and beverages,96.71,7,32.13,826.53,2021-01-06,18:35,Ewallet,123.29,4.76,18.38,6.2,28.0,0.0,,51,Excellent,Coffee
904-77-6222,A,Naypyitaw,Member,Male,Sports and travel,70.76,2,47.11,193.49,2021-01-02,18:13,Cash,136.4,4.76,36.05,6.7,43.0,0.0,28.0,75,good,Tent
813-63-7688,B,Naypyitaw,Normal,Female,Sports and travel,32.17,2,28.47,256.14,2021-06-02,15:22,cash,492.17,4.76,48.91,7.4,29.0,22.97,32.0,2,EXCELLENT,Water Bottle
252-48-7167,A,Yangon,Member,Male,Electronic accessories,59.92,10,23.85,,2021-01-02,11:38,Cash,480.11,4.76,49.54,,,0.0,,35,very good,Keyboard
288-78-8758,A,Mandalay,Normal,FEMALE,Home and lifestyle,80.67,1,5.22,307.35,2021-06-02,13:17,Ewallet,595.75,4.76,36.37,9.0,,0.0,34.0,40,very good,Curtain
346-38-5927,C,Mandalay,Normal,FEMALE,Fashion accessories,37.42,3,5.32,522.46,2021-01-01,16:49,Cash,442.74,4.76,13.66,,27.0,23.38,55.0,27,good,Handbag
978-28-8586,A,Naypyitaw,Normal,Male,Sports and travel,46.61,2,9.94,838.29,2021-01-07,10:26,Credit card,80.36,4.76,29.51,,29.0,0.0,,94,EXCELLENT,Water Bottle
159-81-7761,B,Naypyitaw,Normal,male,Sports and travel,17.55,7,16.56,313.79,2021-05-02,20:05,Ewallet,872.94,4.76,14.96,5.1,38.0,3.41,16.0,99,Good,Sneakers
526-81-9683,B,Naypyitaw,Member,male,Food and beverages,67.22,3,1.99,626.48,2021-09-02,18:50,cash,516.77,4.76,48.93,9.9,,0.0,,85,Poor,Snacks
237-59-4978,C,Mandalay,Member,male,Home and lifestyle,28.31,3,1.51,463.35,2021-01-07,20:32,Ewallet,615.79,4.76,23.87,8.8,49.0,0.0,,75,Poor,Chair
361-36-6411,A,Yangon,Normal,FEMALE,Food and beverages,97.11,5,23.56,512.98,2021-04-02,11:30,Cash,364.21,4.76,26.67,9.3,61.0,0.0,,23,Good,Juice
762-20-8369,C,Naypyitaw,Normal,Male,Home and lifestyle,43.6,6,47.22,385.7,2021-08-02,12:51,Cash,581.34,4.76,43.5,9.7,38.0,0.0,,88,EXCELLENT,Chair
967-57-2514,B,Naypyitaw,Normal,Male,Food and beverages,98.68,1,34.36,955.3,2021-01-07,13:51,CASH,267.66,4.76,46.14,5.7,57.0,0.0,,44,good,Biscuits
648-34-1844,B,Yangon,Normal,male,Food and beverages,80.38,3,43.36,627.43,2021-01-03,17:05,cash,447.78,4.76,31.81,5.9,44.0,0.0,20.0,22,Excellent,Tea
374-58-1647,A,Yangon,Member,male,Health and beauty,58.38,1,37.17,542.82,2021-01-06,12:57,Cash,277.71,4.76,4.78,7.5,51.0,1.5,,65,Poor,Lotion
994-19-4082,A,Naypyitaw,Member,Male,Health and beauty,48.14,3,19.59,255.58,2021-01-02,20:49,Ewallet,241.9,4.76,47.95,9.6,50.0,0.0,,60,Excellent,Soap
923-85-4555,B,Yangon,Member,FEMALE,Sports and travel,92.03,1,14.67,959.01,2021-01-03,10:02,Cash,366.83,4.76,17.7,8.2,55.0,0.0,,71,EXCELLENT,Tent
590-36-6455,B,Naypyitaw,Normal,male,Health and beauty,50.66,7,21.29,371.65,2021-01-03,13:21,Ewallet,227.64,4.76,17.55,6.9,,0.0,,88,Good,Face Wash
410-11-4470,C,Mandalay,Normal,Female,Sports and travel,10.09,8,14.37,637.56,2021-01-03,9:09,Credit card,740.59,4.76,9.12,7.3,35.0,0.0,58.0,28,very good,Travel Pillow
294-25-8846,C,Mandalay,Normal,Female,Sports and travel,51.82,5,48.98,619.16,2021-01-01,14:49,Cash,303.76,4.76,6.85,10.0,63.0,0.0,,42,Excellent,Water Bottle
348-99-4350,C,Yangon,Normal,Male,Home and lifestyle,84.64,9,22.54,374.04,2021-01-01,17:42,Ewallet,833.94,4.76,24.15,5.5,,0.0,0.0,58,Excellent,Cushion
506-40-6269,A,Yangon,Normal,FEMALE,Sports and travel,36.03,4,18.4,704.09,2021-01-02,18:25,CASH,703.26,4.76,9.16,7.0,37.0,0.0,56.0,25,Excellent,Tent
894-46-7236,A,Mandalay,Member,Female,Sports and travel,97.49,3,38.85,587.06,2021-05-02,12:43,Ewallet,814.92,4.76,26.9,,,0.0,58.0,31,good,Backpack
577-78-6886,B,Mandalay,Normal,male,Sports and travel,10.05,2,41.65,66.82,2021-04-02,11:04,cash,302.13,4.76,43.49,9.3,,0.0,29.0,65,Excellent,Travel Pillow
415-43-6892,A,Yangon,Member,FEMALE,Health and beauty,94.02,3,9.35,283.8,2021-01-06,16:57,CASH,796.61,4.76,22.74,4.1,,0.0,,12,Excellent,Lotion
625-73-8635,A,Mandalay,Member,Male,Health and beauty,53.4,7,29.68,703.87,2021-01-08,13:13,cash,806.58,4.76,37.49,8.2,54.0,0.0,26.0,28,good,Soap
200-70-6246,A,Mandalay,Normal,male,Electronic accessories,63.81,4,28.87,907.43,2021-01-08,20:23,cash,139.56,4.76,24.11,4.9,38.0,0.0,,31,good,Mouse
308-57-6126,A,Yangon,Member,FEMALE,Food and beverages,85.55,9,22.26,906.75,2021-08-02,16:16,CASH,564.13,4.76,39.19,9.2,52.0,0.0,,2,Excellent,Tea
523-15-4625,A,Naypyitaw,Normal,Male,Fashion accessories,44.21,2,34.42,316.5,2021-05-02,17:48,CASH,676.14,4.76,30.34,4.8,,12.01,49.0,61,Excellent,Belt
859-28-1265,A,Yangon,Member,FEMALE,Home and lifestyle,41.63,8,17.77,804.13,2021-05-02,12:21,cash,931.58,4.76,3.76,9.9,,0.0,,29,Poor,Chair
367-80-7841,A,Naypyitaw,Normal,Female,Fashion accessories,66.9,7,28.03,906.76,2021-01-03,11:26,cash,452.71,4.76,12.11,6.3,,10.04,47.0,35,very good,Watch
402-29-4214,A,Naypyitaw,Member,Female,Electronic accessories,62.66,3,14.18,792.52,2021-01-01,17:03,Cash,269.16,4.76,6.49,4.9,46.0,0.0,0.0,43,Excellent,Keyboard
437-39-7223,B,Mandalay,Normal,Male,Sports and travel,55.93,6,11.33,915.81,2021-09-02,15:55,CASH,809.61,4.76,21.36,8.2,63.0,0.0,26.0,31,very good,Backpack
683-41-9180,B,Mandalay,Member,Female,Sports and travel,14.09,4,13.78,628.92,2021-01-07,13:34,CASH,584.79,4.76,21.91,8.8,,0.0,,80,Excellent,Sneakers
663-93-6530,C,Yangon,Normal,Male,Electronic accessories,76.53,2,26.33,286.64,2021-01-02,15:02,cash,63.72,4.76,28.07,,65.0,0.0,40.0,86,EXCELLENT,Power Bank
363-72-9037,C,Yangon,Normal,Female,Home and lifestyle,60.68,10,24.29,896.03,2021-03-02,20:27,Ewallet,242.86,4.76,26.09,4.6,,0.0,,26,very good,Table Cover
571-31-6770,C,Mandalay,Normal,FEMALE,Fashion accessories,37.06,6,16.83,886.69,2021-01-02,16:12,Cash,499.7,4.76,39.18,7.4,57.0,14.31,,6,Good,Scarf
273-27-9954,A,Mandalay,Normal,FEMALE,Sports and travel,45.58,5,33.26,190.94,2021-01-02,18:35,Ewallet,57.86,4.76,24.03,5.5,,0.0,2.0,23,EXCELLENT,Travel Pillow
600-33-9882,C,Naypyitaw,Member,Male,Sports and travel,21.07,2,16.8,552.77,2021-01-04,12:45,cash,209.62,4.76,41.9,,34.0,0.0,34.0,29,Poor,Tent
757-17-9584,C,Mandalay,Member,male,Health and beauty,22.57,10,18.59,905.41,2021-01-02,13:57,cash,517.46,4.76,7.36,,,0.0,,54,Poor,Toothpaste
134-19-1794,B,Yangon,Member,FEMALE,Food and beverages,60.08,5,8.78,741.44,2021-01-03,13:59,cash,417.58,4.76,10.94,6.6,,0.0,42.0,39,good,Biscuits
882-10-7756,A,Mandalay,Member,FEMALE,Fashion accessories,35.15,4,17.5,420.1,2021-01-04,17:32,Ewallet,833.94,4.76,30.19,9.5,37.0,0.0,6.0,12,EXCELLENT,Handbag
240-90-4791,A,Mandalay,Member,Male,Sports and travel,48.88,1,10.17,781.45,2021-07-02,12:35,Cash,93.16,4.76,38.15,9.5,60.0,3.19,,22,good,Sneakers
169-29-1149,A,Mandalay,Member,Male,Fashion accessories,64.94,2,8.97,395.59,2021-01-02,13:11,CASH,214.96,4.76,32.05,9.8,,0.0,,19,EXCELLENT,Belt
323-74-8471,A,Yangon,Member,male,Food and beverages,96.17,10,37.85,500.06,2021-01-09,14:51,Ewallet,789.46,4.76,19.83,5.8,,0.0,,37,Excellent,Biscuits
482-17-8916,C,Mandalay,Member,Male,Fashion accessories,38.65,8,31.21,52.9,2021-03-02,12:24,Ewallet,509.47,4.76,24.57,5.0,36.0,23.72,24.0,97,Good,Watch
775-72-1257,B,Naypyitaw,Member,male,Food and beverages,71.39,6,35.03,639.62,2021-01-06,19:54,cash,582.81,4.76,38.97,7.8,,10.68,41.0,60,Excellent,Biscuits
106-78-7739,A,Naypyitaw,Normal,Male,Food and beverages,40.84,5,24.21,794.5,2021-09-02,13:25,cash,197.64,4.76,27.24,8.3,36.0,0.0,50.0,32,Good,Juice
112-12-9673,A,Yangon,Member,FEMALE,Sports and travel,33.52,6,36.45,510.46,2021-01-05,11:34,Cash,891.43,4.76,24.77,8.2,49.0,0.0,16.0,2,Excellent,Travel Pillow
839-45-9777,B,Yangon,Member,Male,Sports and travel,77.74,7,24.65,889.05,2021-08-02,9:21,cash,501.94,4.76,42.04,,26.0,0.0,29.0,81,Excellent,Sneakers
393-12-9228,A,Mandalay,Member,Female,Food and beverages,50.74,6,2.97,820.19,2021-03-02,14:03,Credit card,495.55,4.76,2.98,7.0,25.0,0.0,,72,good,Tea
932-99-8054,A,Mandalay,Normal,FEMALE,Electronic accessories,32.13,6,12.48,927.52,2021-01-05,16:52,CASH,848.45,4.76,44.04,9.8,,29.04,,68,good,Headphones
925-32-2753,B,Yangon,Normal,Female,Food and beverages,98.47,2,46.42,330.84,2021-05-02,16:59,CASH,777.12,4.76,28.42,7.2,,0.0,,47,EXCELLENT,Tea
198-77-3439,A,Naypyitaw,Normal,Female,Health and beauty,40.75,9,21.87,890.53,2021-01-08,13:45,CASH,542.27,4.76,6.2,6.9,,0.0,,24,EXCELLENT,Lotion
346-34-9625,A,Naypyitaw,Member,Male,Sports and travel,51.38,3,29.3,528.92,2021-01-08,9:25,CASH,354.42,4.76,45.24,7.3,,0.0,24.0,91,Good,Backpack
358-55-5379,C,Yangon,Normal,Male,Home and lifestyle,63.96,7,9.04,407.21,2021-03-02,14:28,cash,190.16,4.76,9.92,4.4,23.0,0.0,,58,good,Chair
914-60-2294,B,Yangon,Member,Female,Sports and travel,11.43,1,15.73,860.07,2021-01-02,18:21,CASH,529.84,4.76,15.05,6.3,,21.2,36.0,20,Good,Backpack
482-61-8520,C,Naypyitaw,Member,FEMALE,Food and beverages,72.27,3,35.18,244.03,2021-04-02,14:05,cash,210.6,4.76,1.73,,,0.0,,7,EXCELLENT,Coffee
678-41-4700,B,Naypyitaw,Member,Male,Sports and travel,68.18,2,47.62,77.38,2021-01-09,14:25,Credit card,292.42,4.76,36.42,8.2,,0.0,14.0,30,Poor,Water Bottle
407-97-2320,B,Naypyitaw,Member,FEMALE,Food and beverages,10.18,2,7.84,450.35,2021-08-02,11:13,Ewallet,540.46,4.76,27.9,7.9,,6.0,8.0,29,good,Juice
769-93-1519,A,Mandalay,Normal,Male,Fashion accessories,52.89,4,39.64,787.01,2021-01-03,18:11,Ewallet,199.24,4.76,39.43,6.8,54.0,0.0,,44,very good,Belt
195-61-7213,B,Naypyitaw,Member,Female,Home and lifestyle,91.13,3,5.43,474.35,2021-01-03,20:52,CASH,659.53,4.76,23.81,7.6,,0.0,45.0,5,EXCELLENT,Cushion
486-80-8798,C,Naypyitaw,Normal,Female,Home and lifestyle,70.54,3,7.93,199.13,2021-03-02,9:38,Credit card,318.38,4.76,48.54,9.8,63.0,11.0,,41,EXCELLENT,Table Cover
157-91-1154,B,Yangon,Member,Male,Home and lifestyle,47.18,9,20.4,348.38,2021-01-07,9:34,Ewallet,142.45,4.76,2.54,8.5,49.0,0.0,,9,Excellent,Chair
819-31-2354,A,Naypyitaw,Normal,Female,Health and beauty,90.57,10,33.27,483.15,2021-01-03,14:57,Cash,666.19,4.76,9.32,6.6,64.0,22.35,47.0,51,good,Shampoo
611-65-6427,B,Naypyitaw,Normal,Male,Health and beauty,73.3,6,9.43,626.22,2021-09-02,14:06,CASH,405.91,4.76,13.59,5.6,18.0,0.0,,6,good,Lotion
679-22-9653,A,Mandalay,Normal,male,Food and beverages,78.62,3,10.05,607.16,2021-09-02,9:31,Cash,795.19,4.76,43.54,6.3,30.0,0.0,12.0,16,good,Tea
143-39-4463,A,Mandalay,Member,Male,Health and beauty,58.43,6,22.39,66.11,2021-04-02,19:44,cash,225.69,4.76,10.51,7.2,,0.0,,31,EXCELLENT,Soap
988-98-8790,B,Mandalay,Normal,FEMALE,Electronic accessories,80.86,7,8.55,360.21,2021-01-09,13:46,Credit card,331.24,4.76,38.63,9.1,,0.0,37.0,16,very good,Power Bank
377-15-2218,B,Yangon,Member,Female,Home and lifestyle,68.42,7,39.0,184.67,2021-09-02,9:42,Credit card,238.31,4.76,11.45,6.7,51.0,0.0,,41,very good,Table Cover
800-45-9897,B,Yangon,Member,Male,Home and lifestyle,16.98,10,,406.28,2021-01-01,18:06,Ewallet,777.19,4.76,20.37,8.8,,15.21,29.0,12,Good,Cushion
677-94-1539,A,Mandalay,Normal,Male,Fashion accessories,12.79,3,5.9,,2021-05-02,12:06,Cash,751.51,4.76,10.12,,,0.0,,3,Good,Sunglasses
283-50-1256,A,Mandalay,Member,Male,Food and beverages,84.89,8,20.31,357.69,2021-01-04,10:06,CASH,76.0,4.76,48.54,7.4,,6.34,,62,good,Coffee
312-85-3362,C,Naypyitaw,Member,FEMALE,Health and beauty,70.45,1,24.14,632.43,2021-02-02,16:49,CASH,500.93,4.76,6.96,4.5,,21.32,,90,Good,Soap
870-60-2260,C,Naypyitaw,Member,Female,Fashion accessories,70.5,5,23.71,661.44,2021-01-02,17:24,Credit card,824.4,4.76,29.67,4.0,64.0,0.0,40.0,11,Excellent,Belt
406-30-4939,C,Naypyitaw,Member,Male,Home and lifestyle,41.77,2,45.93,768.67,2021-01-04,10:38,Ewallet,357.74,4.76,39.68,6.1,50.0,1.61,,46,Excellent,Lamp
680-59-9856,A,Mandalay,Member,Female,Sports and travel,83.15,8,16.6,536.12,2021-03-02,19:01,Ewallet,660.71,4.76,19.84,6.7,26.0,0.0,49.0,45,Poor,Tent
439-59-3292,C,Naypyitaw,Normal,FEMALE,Health and beauty,84.47,5,20.59,727.98,2021-02-02,11:21,Cash,202.95,4.76,33.78,9.7,,20.93,,41,good,Face Wash
909-98-2284,B,Naypyitaw,Member,male,Sports and travel,42.22,5,14.88,930.6,2021-08-02,13:45,Ewallet,286.88,4.76,19.74,8.0,,0.0,,68,Poor,Water Bottle
612-54-1879,B,Mandalay,Member,FEMALE,Home and lifestyle,25.95,6,43.76,147.14,2021-01-09,16:43,Cash,380.99,4.76,18.27,6.4,45.0,0.0,,63,EXCELLENT,Cushion
200-65-4803,B,Naypyitaw,Member,male,Home and lifestyle,79.12,3,27.17,728.16,2021-01-02,15:03,Ewallet,110.61,4.76,23.34,8.6,61.0,14.99,7.0,6,Excellent,Curtain
958-19-6580,C,Mandalay,Member,Male,Sports and travel,72.73,8,33.82,392.3,2021-01-08,19:44,Cash,470.86,4.76,20.52,6.1,,0.0,,75,very good,Tent
719-88-7499,B,Yangon,Normal,Female,Home and lifestyle,10.76,8,2.32,127.1,2021-01-08,11:10,CASH,712.92,4.76,24.14,5.0,62.0,0.0,35.0,34,good,Table Cover
892-51-1485,A,Yangon,Member,male,Health and beauty,51.64,8,9.73,116.1,2021-01-03,19:01,Cash,888.83,4.76,20.06,5.6,,0.0,23.0,81,very good,Face Wash
749-44-8381,A,Naypyitaw,Normal,Female,Fashion accessories,94.26,3,18.75,109.04,2021-01-03,15:45,Credit card,575.09,4.76,22.68,,,0.0,,89,good,Sunglasses
602-39-6829,B,Yangon,Normal,Male,Electronic accessories,50.01,10,1.08,800.24,2021-01-04,18:23,Cash,395.69,4.76,34.45,6.7,,0.0,,6,Good,Headphones
666-58-8075,B,Yangon,Normal,Female,Electronic accessories,29.94,6,20.51,570.69,2021-07-02,12:20,Credit card,887.57,4.76,4.25,8.9,39.0,0.0,12.0,34,good,Charger
290-97-7227,A,Mandalay,Member,male,Electronic accessories,11.78,7,12.27,246.89,2021-01-03,13:44,cash,937.98,4.76,31.37,9.1,56.0,20.73,,19,very good,Mouse
873-75-2864,B,Naypyitaw,Normal,Male,Food and beverages,51.71,7,43.08,780.18,2021-05-02,9:06,CASH,900.07,4.76,28.66,6.4,43.0,0.0,35.0,57,Poor,Juice
575-36-6573,A,Naypyitaw,Member,Male,Health and beauty,36.82,5,21.15,86.51,2021-01-06,9:29,Ewallet,704.43,4.76,48.7,8.8,,0.0,,36,Excellent,Soap
508-26-7070,C,Yangon,Member,FEMALE,Health and beauty,98.47,1,11.73,,2021-07-02,14:52,Ewallet,947.46,4.76,3.25,9.4,,0.0,19.0,8,very good,Toothpaste
359-14-4131,B,Mandalay,Member,male,Electronic accessories,30.54,7,16.7,509.9,2021-01-01,11:56,cash,257.57,4.76,38.73,5.1,,0.0,,16,Excellent,Mouse
688-47-5837,C,Yangon,Member,FEMALE,Fashion accessories,18.03,1,23.46,426.93,2021-05-02,10:17,Ewallet,95.66,4.76,11.59,4.1,,25.89,58.0,11,Good,Sunglasses
176-95-7655,B,Mandalay,Normal,FEMALE,Fashion accessories,78.33,4,12.35,592.59,2021-08-02,12:53,Ewallet,688.9,4.76,23.91,4.5,,0.0,,82,Poor,Handbag
559-88-1086,B,Naypyitaw,Normal,Female,Electronic accessories,64.95,4,18.75,558.45,2021-01-07,10:45,Credit card,98.43,4.76,5.53,9.7,36.0,0.0,59.0,43,Poor,Headphones
449-30-7062,A,Mandalay,Normal,Female,Sports and travel,28.83,10,22.49,362.51,2021-01-07,13:11,Ewallet,436.86,4.76,26.75,8.0,,0.0,,99,Good,Travel Pillow
880-41-2341,C,Mandalay,Member,male,Electronic accessories,26.18,7,24.11,967.36,2021-01-03,16:11,Credit card,301.3,4.76,5.94,5.1,60.0,0.0,27.0,73,Poor,Headphones
145-10-6464,B,Naypyitaw,Member,Male,Electronic accessories,62.59,5,24.84,116.35,2021-03-02,15:28,Credit card,88.96,4.76,7.16,9.3,61.0,0.0,,92,Excellent,Charger
865-71-4505,C,Yangon,Normal,male,Health and beauty,83.72,3,43.62,503.04,2021-08-02,14:07,Ewallet,442.92,4.76,3.63,,26.0,0.0,36.0,94,Excellent,Shampoo
172-90-1964,C,Naypyitaw,Member,Female,Electronic accessories,42.78,1,5.86,353.66,2021-01-05,18:03,CASH,758.37,4.76,46.37,4.9,56.0,0.0,,48,Good,Keyboard
747-75-4963,C,Yangon,Normal,male,Food and beverages,36.29,9,44.19,152.39,2021-03-02,15:03,Credit card,235.9,4.76,32.16,4.0,55.0,0.0,50.0,82,Good,Juice
195-61-7213,B,Naypyitaw,Member,Female,Home and lifestyle,91.13,3,5.43,474.35,2021-01-03,20:52,CASH,659.53,4.76,23.81,7.6,,0.0,45.0,5,EXCELLENT,Cushion
200-70-6246,A,Mandalay,Normal,male,Electronic accessories,63.81,4,28.87,907.43,2021-01-08,20:23,cash,139.56,4.76,24.11,4.9,38.0,0.0,,31,good,Mouse
712-96-1797,A,Naypyitaw,Member,FEMALE,Health and beauty,62.74,4,42.78,335.23,2021-09-02,14:43,Cash,621.14,4.76,37.76,5.8,26.0,0.0,,94,Poor,Soap
452-64-6419,B,Mandalay,Normal,FEMALE,Health and beauty,65.59,9,37.22,361.45,2021-01-01,9:34,Ewallet,565.01,4.76,32.45,5.0,44.0,25.35,60.0,45,Poor,Soap
990-58-7154,A,Naypyitaw,Normal,Female,Sports and travel,37.61,2,32.71,288.4,2021-05-02,14:00,Credit card,578.26,4.76,8.99,4.3,42.0,0.0,,6,Poor,Sneakers
146-61-1838,C,Yangon,Normal,Female,Food and beverages,74.05,6,3.07,247.7,2021-04-02,18:17,CASH,46.63,4.76,18.14,4.0,52.0,0.0,60.0,19,Poor,Snacks
330-92-3441,B,Naypyitaw,Member,FEMALE,Health and beauty,57.74,1,17.23,555.75,2021-01-02,20:35,Cash,886.64,4.76,20.4,5.1,42.0,0.0,23.0,33,Excellent,Toothpaste
